pincode,state,district,is_active
744101,ANDAMAN AND NICOBAR ISLANDS,SOUTH ANDAMANS,TRUE
744102,ANDAMAN AND NICOBAR ISLANDS,SOUTH ANDAMANS,TRUE
744103,ANDAMAN AND NICOBAR ISLANDS,SOUTH ANDAMANS,TRUE
744104,ANDAMAN AND NICOBAR ISLANDS,SOUTH ANDAMANS,TRUE
744105,ANDAMAN AND NICOBAR ISLANDS,SOUTH ANDAMANS,TRUE
744106,ANDAMAN AND NICOBAR ISLANDS,SOUTH ANDAMANS,TRUE
744107,ANDAMAN AND NICOBAR ISLANDS,SOUTH ANDAMANS,TRUE
744201,ANDAMAN AND NICOBAR ISLANDS,NORTH AND MIDDLE ANDAMAN,TRUE
744202,ANDAMAN AND NICOBAR ISLANDS,NORTH AND MIDDLE ANDAMAN,TRUE
744203,ANDAMAN AND NICOBAR ISLANDS,NORTH AND MIDDLE ANDAMAN,TRUE
744204,ANDAMAN AND NICOBAR ISLANDS,NORTH AND MIDDLE ANDAMAN,TRUE
744205,ANDAMAN AND NICOBAR ISLANDS,NORTH AND MIDDLE ANDAMAN,TRUE
744206,ANDAMAN AND NICOBAR ISLANDS,SOUTH ANDAMANS,TRUE
744207,ANDAMAN AND NICOBAR ISLANDS,SOUTH ANDAMANS,TRUE
744209,ANDAMAN AND NICOBAR ISLANDS,NORTH AND MIDDLE ANDAMAN,TRUE
744210,ANDAMAN AND NICOBAR ISLANDS,NORTH AND MIDDLE ANDAMAN,TRUE
744211,ANDAMAN AND NICOBAR ISLANDS,SOUTH ANDAMANS,TRUE
744301,ANDAMAN AND NICOBAR ISLANDS,NICOBARS,TRUE
744302,ANDAMAN AND NICOBAR ISLANDS,NICOBARS,TRUE
744303,ANDAMAN AND NICOBAR ISLANDS,NICOBARS,TRUE
744304,ANDAMAN AND NICOBAR ISLANDS,NICOBARS,TRUE
504346,ANDHRA PRADESH,PRAKASAM,TRUE
515001,ANDHRA PRADESH,ANANTAPUR,TRUE
515002,ANDHRA PRADESH,ANANTAPUR,TRUE
515003,ANDHRA PRADESH,ANANTAPUR,TRUE
515004,ANDHRA PRADESH,ANANTAPUR,TRUE
515005,ANDHRA PRADESH,ANANTAPUR,TRUE
515006,ANDHRA PRADESH,ANANTAPUR,TRUE
515101,ANDHRA PRADESH,Sri Sathya Sai,TRUE
515110,ANDHRA PRADESH,Sri Sathya Sai,TRUE
515122,ANDHRA PRADESH,Sri Sathya Sai,TRUE
515123,ANDHRA PRADESH,Sri Sathya Sai,TRUE
515124,ANDHRA PRADESH,Sri Sathya Sai,TRUE
515133,ANDHRA PRADESH,Sri Sathya Sai,TRUE
515134,ANDHRA PRADESH,Sri Sathya Sai,TRUE
515144,ANDHRA PRADESH,Sri Sathya Sai,TRUE
515154,ANDHRA PRADESH,Sri Sathya Sai,TRUE
515159,ANDHRA PRADESH,Sri Sathya Sai,TRUE
515164,ANDHRA PRADESH,Sri Sathya Sai,TRUE
531149,ANDHRA PRADESH,VISAKHAPATANAM,TRUE
531151,ANDHRA PRADESH,VISAKHAPATANAM,TRUE
531162,ANDHRA PRADESH,VIZIANAGARAM,TRUE
531163,ANDHRA PRADESH,VISAKHAPATANAM,TRUE
531173,ANDHRA PRADESH,VISAKHAPATANAM,TRUE
531219,ANDHRA PRADESH,VISAKHAPATANAM,TRUE
532001,ANDHRA PRADESH,SRIKAKULAM,TRUE
532005,ANDHRA PRADESH,SRIKAKULAM,TRUE
532122,ANDHRA PRADESH,SRIKAKULAM,TRUE
532123,ANDHRA PRADESH,SRIKAKULAM,TRUE
532127,ANDHRA PRADESH,SRIKAKULAM,TRUE
532148,ANDHRA PRADESH,SRIKAKULAM,TRUE
532167,ANDHRA PRADESH,SRIKAKULAM,TRUE
532168,ANDHRA PRADESH,SRIKAKULAM,TRUE
532185,ANDHRA PRADESH,SRIKAKULAM,TRUE
532186,ANDHRA PRADESH,SRIKAKULAM,TRUE
532187,ANDHRA PRADESH,SRIKAKULAM,TRUE
532190,ANDHRA PRADESH,SRIKAKULAM,TRUE
532195,ANDHRA PRADESH,SRIKAKULAM,TRUE
532201,ANDHRA PRADESH,SRIKAKULAM,TRUE
532203,ANDHRA PRADESH,SRIKAKULAM,TRUE
532204,ANDHRA PRADESH,SRIKAKULAM,TRUE
532207,ANDHRA PRADESH,SRIKAKULAM,TRUE
532211,ANDHRA PRADESH,SRIKAKULAM,TRUE
532212,ANDHRA PRADESH,SRIKAKULAM,TRUE
532213,ANDHRA PRADESH,SRIKAKULAM,TRUE
532214,ANDHRA PRADESH,SRIKAKULAM,TRUE
532215,ANDHRA PRADESH,SRIKAKULAM,TRUE
532216,ANDHRA PRADESH,SRIKAKULAM,TRUE
532218,ANDHRA PRADESH,SRIKAKULAM,TRUE
532219,ANDHRA PRADESH,SRIKAKULAM,TRUE
532220,ANDHRA PRADESH,SRIKAKULAM,TRUE
532221,ANDHRA PRADESH,SRIKAKULAM,TRUE
532222,ANDHRA PRADESH,SRIKAKULAM,TRUE
532242,ANDHRA PRADESH,SRIKAKULAM,TRUE
532243,ANDHRA PRADESH,SRIKAKULAM,TRUE
532263,ANDHRA PRADESH,SRIKAKULAM,TRUE
532264,ANDHRA PRADESH,SRIKAKULAM,TRUE
532284,ANDHRA PRADESH,SRIKAKULAM,TRUE
532290,ANDHRA PRADESH,SRIKAKULAM,TRUE
532291,ANDHRA PRADESH,SRIKAKULAM,TRUE
532292,ANDHRA PRADESH,SRIKAKULAM,TRUE
532312,ANDHRA PRADESH,SRIKAKULAM,TRUE
532322,ANDHRA PRADESH,SRIKAKULAM,TRUE
532401,ANDHRA PRADESH,SRIKAKULAM,TRUE
532402,ANDHRA PRADESH,SRIKAKULAM,TRUE
532403,ANDHRA PRADESH,SRIKAKULAM,TRUE
532404,ANDHRA PRADESH,SRIKAKULAM,TRUE
532405,ANDHRA PRADESH,SRIKAKULAM,TRUE
532406,ANDHRA PRADESH,SRIKAKULAM,TRUE
532407,ANDHRA PRADESH,SRIKAKULAM,TRUE
532408,ANDHRA PRADESH,SRIKAKULAM,TRUE
532409,ANDHRA PRADESH,SRIKAKULAM,TRUE
532410,ANDHRA PRADESH,SRIKAKULAM,TRUE
532421,ANDHRA PRADESH,SRIKAKULAM,TRUE
532425,ANDHRA PRADESH,SRIKAKULAM,TRUE
532426,ANDHRA PRADESH,SRIKAKULAM,TRUE
532427,ANDHRA PRADESH,SRIKAKULAM,TRUE
532428,ANDHRA PRADESH,SRIKAKULAM,TRUE
532429,ANDHRA PRADESH,SRIKAKULAM,TRUE
532430,ANDHRA PRADESH,SRIKAKULAM,TRUE
532432,ANDHRA PRADESH,SRIKAKULAM,TRUE
532440,ANDHRA PRADESH,Parvathipuram Manyam,TRUE
532443,ANDHRA PRADESH,Parvathipuram Manyam,TRUE
532445,ANDHRA PRADESH,SRIKAKULAM,TRUE
532455,ANDHRA PRADESH,Parvathipuram Manyam,TRUE
532456,ANDHRA PRADESH,Parvathipuram Manyam,TRUE
532457,ANDHRA PRADESH,SRIKAKULAM,TRUE
532458,ANDHRA PRADESH,SRIKAKULAM,TRUE
532459,ANDHRA PRADESH,SRIKAKULAM,TRUE
532460,ANDHRA PRADESH,SRIKAKULAM,TRUE
532461,ANDHRA PRADESH,SRIKAKULAM,TRUE
532462,ANDHRA PRADESH,Parvathipuram Manyam,TRUE
532474,ANDHRA PRADESH,SRIKAKULAM,TRUE
532484,ANDHRA PRADESH,SRIKAKULAM,TRUE
533001,ANDHRA PRADESH,EAST GODAVARI,TRUE
533002,ANDHRA PRADESH,Kakinada,TRUE
533003,ANDHRA PRADESH,EAST GODAVARI,TRUE
533004,ANDHRA PRADESH,EAST GODAVARI,TRUE
533005,ANDHRA PRADESH,Kakinada,TRUE
533006,ANDHRA PRADESH,Kakinada,TRUE
533007,ANDHRA PRADESH,EAST GODAVARI,TRUE
533016,ANDHRA PRADESH,Kakinada,TRUE
533101,ANDHRA PRADESH,EAST GODAVARI,TRUE
533102,ANDHRA PRADESH,EAST GODAVARI,TRUE
533103,ANDHRA PRADESH,EAST GODAVARI,TRUE
533104,ANDHRA PRADESH,EAST GODAVARI,TRUE
533105,ANDHRA PRADESH,EAST GODAVARI,TRUE
533106,ANDHRA PRADESH,EAST GODAVARI,TRUE
533107,ANDHRA PRADESH,EAST GODAVARI,TRUE
533108,ANDHRA PRADESH,EAST GODAVARI,TRUE
533124,ANDHRA PRADESH,EAST GODAVARI,TRUE
533125,ANDHRA PRADESH,EAST GODAVARI,TRUE
533126,ANDHRA PRADESH,EAST GODAVARI,TRUE
533201,ANDHRA PRADESH,Konaseema,TRUE
533210,ANDHRA PRADESH,Konaseema,TRUE
533211,ANDHRA PRADESH,Konaseema,TRUE
533212,ANDHRA PRADESH,Konaseema,TRUE
533213,ANDHRA PRADESH,Konaseema,TRUE
533214,ANDHRA PRADESH,Konaseema,TRUE
533215,ANDHRA PRADESH,Konaseema,TRUE
533216,ANDHRA PRADESH,Konaseema,TRUE
533217,ANDHRA PRADESH,Konaseema,TRUE
533218,ANDHRA PRADESH,EAST GODAVARI,TRUE
533219,ANDHRA PRADESH,Konaseema,TRUE
533220,ANDHRA PRADESH,Konaseema,TRUE
533221,ANDHRA PRADESH,Konaseema,TRUE
533222,ANDHRA PRADESH,Konaseema,TRUE
533223,ANDHRA PRADESH,Konaseema,TRUE
533228,ANDHRA PRADESH,Konaseema,TRUE
533229,ANDHRA PRADESH,EAST GODAVARI,TRUE
533232,ANDHRA PRADESH,Konaseema,TRUE
533233,ANDHRA PRADESH,Konaseema,TRUE
533234,ANDHRA PRADESH,Konaseema,TRUE
533235,ANDHRA PRADESH,Konaseema,TRUE
533236,ANDHRA PRADESH,Konaseema,TRUE
533237,ANDHRA PRADESH,Konaseema,TRUE
533238,ANDHRA PRADESH,Konaseema,TRUE
533239,ANDHRA PRADESH,Konaseema,TRUE
533241,ANDHRA PRADESH,Konaseema,TRUE
533242,ANDHRA PRADESH,Konaseema,TRUE
533244,ANDHRA PRADESH,Konaseema,TRUE
533247,ANDHRA PRADESH,Konaseema,TRUE
533248,ANDHRA PRADESH,Konaseema,TRUE
533249,ANDHRA PRADESH,Konaseema,TRUE
533250,ANDHRA PRADESH,Konaseema,TRUE
533251,ANDHRA PRADESH,Konaseema,TRUE
533252,ANDHRA PRADESH,Konaseema,TRUE
533253,ANDHRA PRADESH,EAST GODAVARI,TRUE
533254,ANDHRA PRADESH,Konaseema,TRUE
533255,ANDHRA PRADESH,Konaseema,TRUE
533256,ANDHRA PRADESH,Konaseema,TRUE
533260,ANDHRA PRADESH,Kakinada,TRUE
533261,ANDHRA PRADESH,Konaseema,TRUE
533262,ANDHRA PRADESH,Kakinada,TRUE
533263,ANDHRA PRADESH,Kakinada,TRUE
533264,ANDHRA PRADESH,EAST GODAVARI,TRUE
533274,ANDHRA PRADESH,Konaseema,TRUE
533284,ANDHRA PRADESH,Alluri Sitharama Raju,TRUE
533285,ANDHRA PRADESH,Alluri Sitharama Raju,TRUE
533286,ANDHRA PRADESH,EAST GODAVARI,TRUE
533287,ANDHRA PRADESH,EAST GODAVARI,TRUE
533288,ANDHRA PRADESH,Alluri Sitharama Raju,TRUE
533289,ANDHRA PRADESH,EAST GODAVARI,TRUE
533290,ANDHRA PRADESH,EAST GODAVARI,TRUE
533291,ANDHRA PRADESH,EAST GODAVARI,TRUE
533292,ANDHRA PRADESH,EAST GODAVARI,TRUE
533293,ANDHRA PRADESH,EAST GODAVARI,TRUE
533294,ANDHRA PRADESH,EAST GODAVARI,TRUE
533295,ANDHRA PRADESH,Alluri Sitharama Raju,TRUE
533296,ANDHRA PRADESH,EAST GODAVARI,TRUE
533297,ANDHRA PRADESH,Kakinada,TRUE
533305,ANDHRA PRADESH,Konaseema,TRUE
533306,ANDHRA PRADESH,Konaseema,TRUE
533307,ANDHRA PRADESH,Konaseema,TRUE
533308,ANDHRA PRADESH,Konaseema,TRUE
533309,ANDHRA PRADESH,Konaseema,TRUE
533339,ANDHRA PRADESH,EAST GODAVARI,TRUE
533340,ANDHRA PRADESH,Konaseema,TRUE
533341,ANDHRA PRADESH,Konaseema,TRUE
533342,ANDHRA PRADESH,EAST GODAVARI,TRUE
533343,ANDHRA PRADESH,EAST GODAVARI,TRUE
533344,ANDHRA PRADESH,Kakinada,TRUE
533345,ANDHRA PRADESH,Konaseema,TRUE
533346,ANDHRA PRADESH,Konaseema,TRUE
533347,ANDHRA PRADESH,EAST GODAVARI,TRUE
533348,ANDHRA PRADESH,Alluri Sitharama Raju,TRUE
533349,ANDHRA PRADESH,Alluri Sitharama Raju,TRUE
533350,ANDHRA PRADESH,Alluri Sitharama Raju,TRUE
533351,ANDHRA PRADESH,Alluri Sitharama Raju,TRUE
533352,ANDHRA PRADESH,EAST GODAVARI,TRUE
533353,ANDHRA PRADESH,EAST GODAVARI,TRUE
533354,ANDHRA PRADESH,EAST GODAVARI,TRUE
533355,ANDHRA PRADESH,EAST GODAVARI,TRUE
533401,ANDHRA PRADESH,Kakinada,TRUE
533406,ANDHRA PRADESH,Kakinada,TRUE
533407,ANDHRA PRADESH,Kakinada,TRUE
533408,ANDHRA PRADESH,EAST GODAVARI,TRUE
533428,ANDHRA PRADESH,Alluri Sitharama Raju,TRUE
533429,ANDHRA PRADESH,Kakinada,TRUE
533430,ANDHRA PRADESH,EAST GODAVARI,TRUE
533431,ANDHRA PRADESH,Kakinada,TRUE
533432,ANDHRA PRADESH,Kakinada,TRUE
533433,ANDHRA PRADESH,Kakinada,TRUE
533434,ANDHRA PRADESH,Kakinada,TRUE
533435,ANDHRA PRADESH,Kakinada,TRUE
533436,ANDHRA PRADESH,Alluri Sitharama Raju,TRUE
533437,ANDHRA PRADESH,EAST GODAVARI,TRUE
533440,ANDHRA PRADESH,EAST GODAVARI,TRUE
533444,ANDHRA PRADESH,Kakinada,TRUE
533445,ANDHRA PRADESH,Kakinada,TRUE
533446,ANDHRA PRADESH,Kakinada,TRUE
533447,ANDHRA PRADESH,Kakinada,TRUE
533448,ANDHRA PRADESH,Kakinada,TRUE
533449,ANDHRA PRADESH,Kakinada,TRUE
533450,ANDHRA PRADESH,EAST GODAVARI,TRUE
533451,ANDHRA PRADESH,Kakinada,TRUE
533460,ANDHRA PRADESH,Kakinada,TRUE
533461,ANDHRA PRADESH,Kakinada,TRUE
533462,ANDHRA PRADESH,Kakinada,TRUE
533463,ANDHRA PRADESH,Kakinada,TRUE
533464,ANDHRA PRADESH,Kakinada,TRUE
533468,ANDHRA PRADESH,Kakinada,TRUE
533483,ANDHRA PRADESH,Alluri Sitharama Raju,TRUE
533577,ANDHRA PRADESH,Konaseema,TRUE
534001,ANDHRA PRADESH,Eluru,TRUE
534002,ANDHRA PRADESH,Eluru,TRUE
534003,ANDHRA PRADESH,Eluru,TRUE
534004,ANDHRA PRADESH,Eluru,TRUE
534005,ANDHRA PRADESH,Eluru,TRUE
534006,ANDHRA PRADESH,Eluru,TRUE
534007,ANDHRA PRADESH,Eluru,TRUE
534008,ANDHRA PRADESH,Eluru,TRUE
534101,ANDHRA PRADESH,WEST GODAVARI,TRUE
534102,ANDHRA PRADESH,WEST GODAVARI,TRUE
534111,ANDHRA PRADESH,WEST GODAVARI,TRUE
534112,ANDHRA PRADESH,WEST GODAVARI,TRUE
534122,ANDHRA PRADESH,WEST GODAVARI,TRUE
534123,ANDHRA PRADESH,WEST GODAVARI,TRUE
534124,ANDHRA PRADESH,WEST GODAVARI,TRUE
534126,ANDHRA PRADESH,WEST GODAVARI,TRUE
534134,ANDHRA PRADESH,Eluru,TRUE
534145,ANDHRA PRADESH,WEST GODAVARI,TRUE
534146,ANDHRA PRADESH,WEST GODAVARI,TRUE
534156,ANDHRA PRADESH,WEST GODAVARI,TRUE
534165,ANDHRA PRADESH,WEST GODAVARI,TRUE
534166,ANDHRA PRADESH,WEST GODAVARI,TRUE
534176,ANDHRA PRADESH,WEST GODAVARI,TRUE
534186,ANDHRA PRADESH,Eluru,TRUE
534195,ANDHRA PRADESH,Eluru,TRUE
534196,ANDHRA PRADESH,WEST GODAVARI,TRUE
534197,ANDHRA PRADESH,Eluru,TRUE
534198,ANDHRA PRADESH,Eluru,TRUE
534199,ANDHRA PRADESH,WEST GODAVARI,TRUE
534201,ANDHRA PRADESH,WEST GODAVARI,TRUE
534202,ANDHRA PRADESH,WEST GODAVARI,TRUE
534204,ANDHRA PRADESH,WEST GODAVARI,TRUE
534206,ANDHRA PRADESH,WEST GODAVARI,TRUE
534207,ANDHRA PRADESH,WEST GODAVARI,TRUE
534208,ANDHRA PRADESH,WEST GODAVARI,TRUE
534209,ANDHRA PRADESH,WEST GODAVARI,TRUE
534210,ANDHRA PRADESH,WEST GODAVARI,TRUE
534211,ANDHRA PRADESH,WEST GODAVARI,TRUE
534215,ANDHRA PRADESH,WEST GODAVARI,TRUE
534216,ANDHRA PRADESH,WEST GODAVARI,TRUE
534217,ANDHRA PRADESH,WEST GODAVARI,TRUE
534218,ANDHRA PRADESH,WEST GODAVARI,TRUE
534222,ANDHRA PRADESH,WEST GODAVARI,TRUE
534225,ANDHRA PRADESH,WEST GODAVARI,TRUE
534227,ANDHRA PRADESH,WEST GODAVARI,TRUE
534230,ANDHRA PRADESH,WEST GODAVARI,TRUE
534235,ANDHRA PRADESH,WEST GODAVARI,TRUE
534236,ANDHRA PRADESH,WEST GODAVARI,TRUE
534237,ANDHRA PRADESH,WEST GODAVARI,TRUE
534238,ANDHRA PRADESH,WEST GODAVARI,TRUE
534239,ANDHRA PRADESH,WEST GODAVARI,TRUE
534240,ANDHRA PRADESH,WEST GODAVARI,TRUE
534243,ANDHRA PRADESH,WEST GODAVARI,TRUE
534244,ANDHRA PRADESH,WEST GODAVARI,TRUE
534245,ANDHRA PRADESH,WEST GODAVARI,TRUE
534247,ANDHRA PRADESH,WEST GODAVARI,TRUE
534250,ANDHRA PRADESH,WEST GODAVARI,TRUE
534260,ANDHRA PRADESH,WEST GODAVARI,TRUE
534265,ANDHRA PRADESH,WEST GODAVARI,TRUE
534266,ANDHRA PRADESH,WEST GODAVARI,TRUE
534267,ANDHRA PRADESH,WEST GODAVARI,TRUE
534268,ANDHRA PRADESH,WEST GODAVARI,TRUE
534269,ANDHRA PRADESH,WEST GODAVARI,TRUE
534275,ANDHRA PRADESH,WEST GODAVARI,TRUE
534280,ANDHRA PRADESH,WEST GODAVARI,TRUE
534281,ANDHRA PRADESH,WEST GODAVARI,TRUE
534301,ANDHRA PRADESH,WEST GODAVARI,TRUE
534302,ANDHRA PRADESH,WEST GODAVARI,TRUE
534305,ANDHRA PRADESH,WEST GODAVARI,TRUE
534311,ANDHRA PRADESH,Eluru,TRUE
534312,ANDHRA PRADESH,Eluru,TRUE
534313,ANDHRA PRADESH,WEST GODAVARI,TRUE
534315,ANDHRA PRADESH,WEST GODAVARI,TRUE
534316,ANDHRA PRADESH,WEST GODAVARI,TRUE
534318,ANDHRA PRADESH,WEST GODAVARI,TRUE
534320,ANDHRA PRADESH,WEST GODAVARI,TRUE
534324,ANDHRA PRADESH,WEST GODAVARI,TRUE
534326,ANDHRA PRADESH,WEST GODAVARI,TRUE
534327,ANDHRA PRADESH,WEST GODAVARI,TRUE
534328,ANDHRA PRADESH,WEST GODAVARI,TRUE
534329,ANDHRA PRADESH,WEST GODAVARI,TRUE
534330,ANDHRA PRADESH,WEST GODAVARI,TRUE
534331,ANDHRA PRADESH,WEST GODAVARI,TRUE
534338,ANDHRA PRADESH,WEST GODAVARI,TRUE
534340,ANDHRA PRADESH,WEST GODAVARI,TRUE
534341,ANDHRA PRADESH,WEST GODAVARI,TRUE
534342,ANDHRA PRADESH,WEST GODAVARI,TRUE
534350,ANDHRA PRADESH,WEST GODAVARI,TRUE
534401,ANDHRA PRADESH,Eluru,TRUE
534406,ANDHRA PRADESH,WEST GODAVARI,TRUE
534411,ANDHRA PRADESH,WEST GODAVARI,TRUE
534416,ANDHRA PRADESH,WEST GODAVARI,TRUE
534425,ANDHRA PRADESH,Eluru,TRUE
534426,ANDHRA PRADESH,Eluru,TRUE
534427,ANDHRA PRADESH,Eluru,TRUE
534432,ANDHRA PRADESH,Eluru,TRUE
534435,ANDHRA PRADESH,Eluru,TRUE
534437,ANDHRA PRADESH,Eluru,TRUE
534442,ANDHRA PRADESH,Eluru,TRUE
534444,ANDHRA PRADESH,Eluru,TRUE
534447,ANDHRA PRADESH,Eluru,TRUE
534448,ANDHRA PRADESH,Eluru,TRUE
534449,ANDHRA PRADESH,Eluru,TRUE
534450,ANDHRA PRADESH,Eluru,TRUE
534451,ANDHRA PRADESH,Eluru,TRUE
534452,ANDHRA PRADESH,Eluru,TRUE
534455,ANDHRA PRADESH,Eluru,TRUE
534456,ANDHRA PRADESH,Eluru,TRUE
534460,ANDHRA PRADESH,Eluru,TRUE
534461,ANDHRA PRADESH,Eluru,TRUE
534462,ANDHRA PRADESH,Eluru,TRUE
534467,ANDHRA PRADESH,Eluru,TRUE
534475,ANDHRA PRADESH,Eluru,TRUE
535001,ANDHRA PRADESH,VIZIANAGARAM,TRUE
535002,ANDHRA PRADESH,VIZIANAGARAM,TRUE
535003,ANDHRA PRADESH,VIZIANAGARAM,TRUE
535004,ANDHRA PRADESH,VIZIANAGARAM,TRUE
535005,ANDHRA PRADESH,VIZIANAGARAM,TRUE
535006,ANDHRA PRADESH,VIZIANAGARAM,TRUE
535101,ANDHRA PRADESH,VIZIANAGARAM,TRUE
535102,ANDHRA PRADESH,VIZIANAGARAM,TRUE
535124,ANDHRA PRADESH,VIZIANAGARAM,TRUE
535125,ANDHRA PRADESH,VIZIANAGARAM,TRUE
535126,ANDHRA PRADESH,VIZIANAGARAM,TRUE
535128,ANDHRA PRADESH,SRIKAKULAM,TRUE
535145,ANDHRA PRADESH,VISAKHAPATANAM,TRUE
535148,ANDHRA PRADESH,VIZIANAGARAM,TRUE
535160,ANDHRA PRADESH,VIZIANAGARAM,TRUE
535161,ANDHRA PRADESH,VIZIANAGARAM,TRUE
535183,ANDHRA PRADESH,VIZIANAGARAM,TRUE
535204,ANDHRA PRADESH,VIZIANAGARAM,TRUE
535213,ANDHRA PRADESH,VIZIANAGARAM,TRUE
535214,ANDHRA PRADESH,VIZIANAGARAM,TRUE
535215,ANDHRA PRADESH,VIZIANAGARAM,TRUE
535216,ANDHRA PRADESH,VIZIANAGARAM,TRUE
535217,ANDHRA PRADESH,VIZIANAGARAM,TRUE
535218,ANDHRA PRADESH,VIZIANAGARAM,TRUE
535220,ANDHRA PRADESH,VIZIANAGARAM,TRUE
535221,ANDHRA PRADESH,VIZIANAGARAM,TRUE
535240,ANDHRA PRADESH,VIZIANAGARAM,TRUE
535250,ANDHRA PRADESH,VISAKHAPATANAM,TRUE
535260,ANDHRA PRADESH,VIZIANAGARAM,TRUE
535270,ANDHRA PRADESH,VIZIANAGARAM,TRUE
535273,ANDHRA PRADESH,VIZIANAGARAM,TRUE
535280,ANDHRA PRADESH,VIZIANAGARAM,TRUE
535281,ANDHRA PRADESH,VIZIANAGARAM,TRUE
535463,ANDHRA PRADESH,Parvathipuram Manyam,TRUE
535501,ANDHRA PRADESH,Parvathipuram Manyam,TRUE
535502,ANDHRA PRADESH,Parvathipuram Manyam,TRUE
535521,ANDHRA PRADESH,VIZIANAGARAM,TRUE
535522,ANDHRA PRADESH,Parvathipuram Manyam,TRUE
535523,ANDHRA PRADESH,VIZIANAGARAM,TRUE
535524,ANDHRA PRADESH,Parvathipuram Manyam,TRUE
535525,ANDHRA PRADESH,Parvathipuram Manyam,TRUE
535526,ANDHRA PRADESH,Parvathipuram Manyam,TRUE
535527,ANDHRA PRADESH,Parvathipuram Manyam,TRUE
535534,ANDHRA PRADESH,Parvathipuram Manyam,TRUE
535546,ANDHRA PRADESH,Parvathipuram Manyam,TRUE
535547,ANDHRA PRADESH,Parvathipuram Manyam,TRUE
535557,ANDHRA PRADESH,Parvathipuram Manyam,TRUE
535558,ANDHRA PRADESH,VIZIANAGARAM,TRUE
535559,ANDHRA PRADESH,VIZIANAGARAM,TRUE
535568,ANDHRA PRADESH,VIZIANAGARAM,TRUE
535569,ANDHRA PRADESH,VIZIANAGARAM,TRUE
535573,ANDHRA PRADESH,VIZIANAGARAM,TRUE
535578,ANDHRA PRADESH,VIZIANAGARAM,TRUE
535579,ANDHRA PRADESH,VIZIANAGARAM,TRUE
535580,ANDHRA PRADESH,VIZIANAGARAM,TRUE
535581,ANDHRA PRADESH,VIZIANAGARAM,TRUE
535582,ANDHRA PRADESH,VIZIANAGARAM,TRUE
535591,ANDHRA PRADESH,Parvathipuram Manyam,TRUE
535592,ANDHRA PRADESH,Parvathipuram Manyam,TRUE
535593,ANDHRA PRADESH,Parvathipuram Manyam,TRUE
535594,ANDHRA PRADESH,Parvathipuram Manyam,TRUE
790001,ARUNACHAL PRADESH,WEST KAMENG,TRUE
790002,ARUNACHAL PRADESH,WEST KAMENG,TRUE
790003,ARUNACHAL PRADESH,WEST KAMENG,TRUE
790101,ARUNACHAL PRADESH,WEST KAMENG,TRUE
790102,ARUNACHAL PRADESH,EAST KAMENG,TRUE
790103,ARUNACHAL PRADESH,PAKKE KESSANG,TRUE
790104,ARUNACHAL PRADESH,TAWANG,TRUE
790105,ARUNACHAL PRADESH,TAWANG,TRUE
790106,ARUNACHAL PRADESH,TAWANG,TRUE
790114,ARUNACHAL PRADESH,WEST KAMENG,TRUE
790116,ARUNACHAL PRADESH,WEST KAMENG,TRUE
791001,ARUNACHAL PRADESH,WEST SIANG,TRUE
791002,ARUNACHAL PRADESH,UPPER SIANG,TRUE
791003,ARUNACHAL PRADESH,SHI YOMI,TRUE
791004,ARUNACHAL PRADESH,PAPUM PARE,TRUE
791101,ARUNACHAL PRADESH,WEST SIANG,TRUE
791102,ARUNACHAL PRADESH,LOWER SIANG,TRUE
791103,ARUNACHAL PRADESH,EAST SIANG,TRUE
791104,ARUNACHAL PRADESH,EAST SIANG,TRUE
791105,ARUNACHAL PRADESH,UPPER SIANG,TRUE
791109,ARUNACHAL PRADESH,PAPUM PARE,TRUE
791110,ARUNACHAL PRADESH,PAPUM PARE,TRUE
791111,ARUNACHAL PRADESH,PAPUM PARE,TRUE
791112,ARUNACHAL PRADESH,PAPUM PARE,TRUE
791113,ARUNACHAL PRADESH,PAPUM PARE,TRUE
791114,ARUNACHAL PRADESH,PAPUM PARE,TRUE
791118,ARUNACHAL PRADESH,KURUNG KUMEY,TRUE
791119,ARUNACHAL PRADESH,LOWER SUBANSIRI,TRUE
791120,ARUNACHAL PRADESH,LOWER SUBANSIRI,TRUE
791121,ARUNACHAL PRADESH,PAPUM PARE,TRUE
791122,ARUNACHAL PRADESH,UPPER SUBANSIRI,TRUE
791123,ARUNACHAL PRADESH,PAPUM PARE,TRUE
791125,ARUNACHAL PRADESH,LOWER SIANG,TRUE
792001,ARUNACHAL PRADESH,LOHIT,TRUE
792055,ARUNACHAL PRADESH,CHANGLANG,TRUE
792056,ARUNACHAL PRADESH,CHANGLANG,TRUE
792101,ARUNACHAL PRADESH,DIBANG VALLEY,TRUE
792102,ARUNACHAL PRADESH,NAMSAI,TRUE
792103,ARUNACHAL PRADESH,NAMSAI,TRUE
792104,ARUNACHAL PRADESH,ANJAW,TRUE
792105,ARUNACHAL PRADESH,NAMSAI,TRUE
792110,ARUNACHAL PRADESH,DIBANG VALLEY,TRUE
792111,ARUNACHAL PRADESH,LOHIT,TRUE
792120,ARUNACHAL PRADESH,CHANGLANG,TRUE
792121,ARUNACHAL PRADESH,CHANGLANG,TRUE
792122,ARUNACHAL PRADESH,CHANGLANG,TRUE
792123,ARUNACHAL PRADESH,CHANGLANG,TRUE
792124,ARUNACHAL PRADESH,PAPUM PARE,TRUE
792129,ARUNACHAL PRADESH,TIRAP,TRUE
792130,ARUNACHAL PRADESH,TIRAP,TRUE
792131,ARUNACHAL PRADESH,LONGDING,TRUE
781001,ASSAM,KAMRUP METRO,TRUE
781002,ASSAM,KAMRUP METRO,TRUE
781003,ASSAM,KAMRUP METRO,TRUE
781004,ASSAM,KAMRUP METRO,TRUE
781005,ASSAM,KAMRUP METRO,TRUE
781006,ASSAM,KAMRUP METRO,TRUE
781007,ASSAM,KAMRUP METRO,TRUE
781008,ASSAM,KAMRUP METRO,TRUE
781009,ASSAM,KAMRUP METRO,TRUE
781010,ASSAM,KAMRUP METRO,TRUE
781011,ASSAM,KAMRUP METRO,TRUE
781012,ASSAM,KAMRUP METRO,TRUE
781013,ASSAM,KAMRUP METRO,TRUE
781014,ASSAM,KAMRUP METRO,TRUE
781015,ASSAM,KAMRUP METRO,TRUE
781016,ASSAM,KAMRUP METRO,TRUE
781017,ASSAM,KAMRUP METRO,TRUE
781018,ASSAM,KAMRUP METRO,TRUE
781019,ASSAM,KAMRUP METRO,TRUE
781020,ASSAM,KAMRUP METRO,TRUE
781021,Assam,Kamrup Metropolitan,TRUE
781022,ASSAM,KAMRUP METRO,TRUE
781023,ASSAM,KAMRUP METRO,TRUE
781024,ASSAM,KAMRUP METRO,TRUE
781025,ASSAM,KAMRUP METRO,TRUE
781026,ASSAM,KAMRUP METRO,TRUE
781027,ASSAM,KAMRUP METRO,TRUE
781028,ASSAM,KAMRUP METRO,TRUE
781030,ASSAM,KAMRUP,TRUE
781031,ASSAM,KAMRUP,TRUE
781032,ASSAM,KAMRUP METRO,TRUE
788155,ASSAM,HAILAKANDI,TRUE
788156,ASSAM,KARIMGANJ,TRUE
788160,ASSAM,HAILAKANDI,TRUE
788161,ASSAM,HAILAKANDI,TRUE
788162,ASSAM,HAILAKANDI,TRUE
788163,ASSAM,HAILAKANDI,TRUE
788164,ASSAM,HAILAKANDI,TRUE
788165,ASSAM,HAILAKANDI,TRUE
788166,ASSAM,KARIMGANJ,TRUE
788168,ASSAM,HAILAKANDI,TRUE
788701,ASSAM,KARIMGANJ,TRUE
788709,ASSAM,KARIMGANJ,TRUE
788710,ASSAM,KARIMGANJ,TRUE
788711,ASSAM,KARIMGANJ,TRUE
788712,ASSAM,KARIMGANJ,TRUE
788713,ASSAM,KARIMGANJ,TRUE
788719,ASSAM,KARIMGANJ,TRUE
788720,ASSAM,KARIMGANJ,TRUE
788722,ASSAM,KARIMGANJ,TRUE
788723,ASSAM,KARIMGANJ,TRUE
788724,ASSAM,KARIMGANJ,TRUE
788725,ASSAM,KARIMGANJ,TRUE
788726,ASSAM,KARIMGANJ,TRUE
788727,ASSAM,KARIMGANJ,TRUE
788728,ASSAM,KARIMGANJ,TRUE
788733,ASSAM,KARIMGANJ,TRUE
788734,ASSAM,KARIMGANJ,TRUE
788735,ASSAM,KARIMGANJ,TRUE
788736,ASSAM,KARIMGANJ,TRUE
788737,ASSAM,KARIMGANJ,TRUE
788738,ASSAM,KARIMGANJ,TRUE
788781,ASSAM,KARIMGANJ,TRUE
788801,ASSAM,HAILAKANDI,TRUE
788802,ASSAM,HAILAKANDI,TRUE
788803,ASSAM,KARIMGANJ,TRUE
788804,ASSAM,CACHAR,TRUE
788805,ASSAM,CACHAR,TRUE
788806,ASSAM,KARIMGANJ,TRUE
788815,ASSAM,CACHAR,TRUE
788816,ASSAM,CACHAR,TRUE
788817,ASSAM,CACHAR,TRUE
788818,ASSAM,DIMA HASAO,TRUE
788819,ASSAM,DIMA HASAO,TRUE
788820,ASSAM,DIMA HASAO,TRUE
788830,ASSAM,DIMA HASAO,TRUE
788831,ASSAM,DIMA HASAO,TRUE
788832,ASSAM,DIMA HASAO,TRUE
788931,ASSAM,DIMA HASAO,TRUE
800001,BIHAR,PATNA,TRUE
800002,BIHAR,PATNA,TRUE
800003,BIHAR,PATNA,TRUE
800004,BIHAR,PATNA,TRUE
800005,BIHAR,PATNA,TRUE
800006,BIHAR,PATNA,TRUE
800007,BIHAR,PATNA,TRUE
800008,BIHAR,PATNA,TRUE
800009,BIHAR,PATNA,TRUE
800010,BIHAR,PATNA,TRUE
800011,BIHAR,PATNA,TRUE
800012,BIHAR,PATNA,TRUE
800013,BIHAR,PATNA,TRUE
800014,BIHAR,PATNA,TRUE
800015,BIHAR,PATNA,TRUE
800016,BIHAR,PATNA,TRUE
800017,BIHAR,PATNA,TRUE
800019,BIHAR,PATNA,TRUE
800020,BIHAR,PATNA,TRUE
800021,BIHAR,PATNA,TRUE
800022,BIHAR,PATNA,TRUE
800023,BIHAR,PATNA,TRUE
800024,BIHAR,PATNA,TRUE
800025,BIHAR,PATNA,TRUE
800026,BIHAR,PATNA,TRUE
800027,BIHAR,PATNA,TRUE
800028,BIHAR,PATNA,TRUE
800030,BIHAR,PATNA,TRUE
800031,BIHAR,PATNA,TRUE
800032,BIHAR,PATNA,TRUE
800034,BIHAR,PATNA,TRUE
800035,BIHAR,PATNA,TRUE
801102,BIHAR,PATNA,TRUE
801103,BIHAR,PATNA,TRUE
801104,BIHAR,PATNA,TRUE
801105,BIHAR,PATNA,TRUE
801106,BIHAR,PATNA,TRUE
801107,BIHAR,PATNA,TRUE
801108,BIHAR,PATNA,TRUE
801109,BIHAR,PATNA,TRUE
801110,BIHAR,PATNA,TRUE
801111,BIHAR,PATNA,TRUE
801112,BIHAR,PATNA,TRUE
801113,BIHAR,PATNA,TRUE
801301,BIHAR,NALANDA,TRUE
801302,BIHAR,NAWADA,TRUE
801303,BIHAR,NALANDA,TRUE
801304,BIHAR,PATNA,TRUE
801305,BIHAR,PATNA,TRUE
801306,BIHAR,NALANDA,TRUE
801307,BIHAR,NALANDA,TRUE
801503,BIHAR,PATNA,TRUE
801505,BIHAR,PATNA,TRUE
801506,BIHAR,PATNA,TRUE
801507,BIHAR,PATNA,TRUE
802101,BIHAR,BUXAR,TRUE
802102,BIHAR,BUXAR,TRUE
802103,BIHAR,BUXAR,TRUE
802111,BIHAR,BUXAR,TRUE
802112,BIHAR,BUXAR,TRUE
802113,BIHAR,BUXAR,TRUE
802114,BIHAR,BUXAR,TRUE
802115,BIHAR,BUXAR,TRUE
802116,BIHAR,BUXAR,TRUE
802117,BIHAR,BUXAR,TRUE
802118,BIHAR,BUXAR,TRUE
802119,BIHAR,BUXAR,TRUE
802120,BIHAR,BUXAR,TRUE
802122,BIHAR,BUXAR,TRUE
802123,BIHAR,BUXAR,TRUE
802125,BIHAR,BUXAR,TRUE
802126,BIHAR,BUXAR,TRUE
802127,BIHAR,BUXAR,TRUE
802128,BIHAR,BUXAR,TRUE
802129,BIHAR,BUXAR,TRUE
802130,BIHAR,BUXAR,TRUE
802131,BIHAR,BUXAR,TRUE
802132,BIHAR,KAIMUR (BHABUA),TRUE
802133,BIHAR,BUXAR,TRUE
802134,BIHAR,BUXAR,TRUE
802135,BIHAR,BUXAR,TRUE
802136,BIHAR,BUXAR,TRUE
802152,BIHAR,BHOJPUR,TRUE
802154,BIHAR,BHOJPUR,TRUE
802155,BIHAR,BHOJPUR,TRUE
802156,BIHAR,BHOJPUR,TRUE
802157,BIHAR,BHOJPUR,TRUE
802158,BIHAR,BHOJPUR,TRUE
802159,BIHAR,BHOJPUR,TRUE
802160,BIHAR,BHOJPUR,TRUE
802161,BIHAR,BHOJPUR,TRUE
802162,BIHAR,BHOJPUR,TRUE
802163,BIHAR,BHOJPUR,TRUE
802164,BIHAR,BHOJPUR,TRUE
802165,BIHAR,BHOJPUR,TRUE
802166,BIHAR,BHOJPUR,TRUE
802183,BIHAR,BHOJPUR,TRUE
802201,BIHAR,BHOJPUR,TRUE
802202,BIHAR,BHOJPUR,TRUE
802203,BIHAR,BHOJPUR,TRUE
802204,BIHAR,ROHTAS,TRUE
802205,BIHAR,BHOJPUR,TRUE
802206,BIHAR,BHOJPUR,TRUE
802207,BIHAR,BHOJPUR,TRUE
802208,BIHAR,BHOJPUR,TRUE
802209,BIHAR,BHOJPUR,TRUE
802210,BIHAR,BHOJPUR,TRUE
802211,BIHAR,ROHTAS,TRUE
802212,BIHAR,ROHTAS,TRUE
802213,BIHAR,ROHTAS,TRUE
802214,BIHAR,ROHTAS,TRUE
802215,BIHAR,ROHTAS,TRUE
802216,BIHAR,ROHTAS,TRUE
802217,BIHAR,ROHTAS,TRUE
802218,BIHAR,ROHTAS,TRUE
802219,BIHAR,ROHTAS,TRUE
802220,BIHAR,ROHTAS,TRUE
802221,BIHAR,ROHTAS,TRUE
802222,BIHAR,BHOJPUR,TRUE
802223,BIHAR,BHOJPUR,TRUE
802224,BIHAR,BHOJPUR,TRUE
802226,BIHAR,ROHTAS,TRUE
802301,BIHAR,BHOJPUR,TRUE
802302,BIHAR,BHOJPUR,TRUE
802311,BIHAR,BHOJPUR,TRUE
802312,BIHAR,BHOJPUR,TRUE
802313,BIHAR,BHOJPUR,TRUE
802314,BIHAR,BHOJPUR,TRUE
802316,BIHAR,BHOJPUR,TRUE
802351,BIHAR,BHOJPUR,TRUE
802352,BIHAR,BHOJPUR,TRUE
803101,BIHAR,NALANDA,TRUE
803107,BIHAR,NALANDA,TRUE
803108,BIHAR,NALANDA,TRUE
803109,BIHAR,NALANDA,TRUE
803110,BIHAR,PATNA,TRUE
803111,BIHAR,NALANDA,TRUE
803113,BIHAR,NALANDA,TRUE
803114,BIHAR,NALANDA,TRUE
803115,BIHAR,NALANDA,TRUE
803116,BIHAR,NALANDA,TRUE
803117,BIHAR,NALANDA,TRUE
803118,BIHAR,NALANDA,TRUE
803119,BIHAR,NALANDA,TRUE
803120,BIHAR,NALANDA,TRUE
803121,BIHAR,NALANDA,TRUE
803201,BIHAR,PATNA,TRUE
803202,BIHAR,PATNA,TRUE
803203,BIHAR,PATNA,TRUE
803211,BIHAR,PATNA,TRUE
803212,BIHAR,PATNA,TRUE
803213,BIHAR,PATNA,TRUE
803214,BIHAR,PATNA,TRUE
803215,BIHAR,PATNA,TRUE
803216,BIHAR,NALANDA,TRUE
803221,BIHAR,PATNA,TRUE
803301,BIHAR,PATNA,TRUE
803302,BIHAR,PATNA,TRUE
803303,BIHAR,PATNA,TRUE
803306,BIHAR,PATNA,TRUE
803307,BIHAR,PATNA,TRUE
804401,BIHAR,ARWAL,TRUE
804402,BIHAR,ARWAL,TRUE
804403,BIHAR,GAYA,TRUE
804404,BIHAR,GAYA,TRUE
804405,BIHAR,JEHANABAD,TRUE
804406,BIHAR,JEHANABAD,TRUE
804407,BIHAR,GAYA,TRUE
804408,BIHAR,JEHANABAD,TRUE
804409,BIHAR,AURANGABAD,TRUE
804417,BIHAR,JEHANABAD,TRUE
804418,BIHAR,JEHANABAD,TRUE
804419,BIHAR,ARWAL,TRUE
804420,BIHAR,ARWAL,TRUE
804421,BIHAR,ARWAL,TRUE
804422,BIHAR,ARWAL,TRUE
804423,BIHAR,ARWAL,TRUE
804424,BIHAR,ARWAL,TRUE
804425,BIHAR,JEHANABAD,TRUE
804426,BIHAR,ARWAL,TRUE
804427,BIHAR,JEHANABAD,TRUE
804428,BIHAR,ARWAL,TRUE
804429,BIHAR,JEHANABAD,TRUE
804432,BIHAR,JEHANABAD,TRUE
804435,BIHAR,GAYA,TRUE
804451,BIHAR,PATNA,TRUE
804452,BIHAR,PATNA,TRUE
804453,BIHAR,PATNA,TRUE
805101,BIHAR,NAWADA,TRUE
805102,BIHAR,NAWADA,TRUE
805103,BIHAR,NAWADA,TRUE
805104,BIHAR,NAWADA,TRUE
805105,BIHAR,NALANDA,TRUE
805106,BIHAR,NAWADA,TRUE
805107,BIHAR,NAWADA,TRUE
805108,BIHAR,NAWADA,TRUE
805109,BIHAR,NAWADA,TRUE
805110,BIHAR,NAWADA,TRUE
805111,BIHAR,NAWADA,TRUE
805112,BIHAR,NAWADA,TRUE
805113,BIHAR,NAWADA,TRUE
805114,BIHAR,NAWADA,TRUE
805121,BIHAR,NAWADA,TRUE
805122,BIHAR,NAWADA,TRUE
805123,BIHAR,NAWADA,TRUE
805124,BIHAR,NAWADA,TRUE
805125,BIHAR,NAWADA,TRUE
805126,BIHAR,NAWADA,TRUE
805127,BIHAR,NAWADA,TRUE
805128,BIHAR,GAYA,TRUE
805129,BIHAR,NAWADA,TRUE
805130,BIHAR,NAWADA,TRUE
805131,BIHAR,GAYA,TRUE
805132,BIHAR,NAWADA,TRUE
805141,BIHAR,NAWADA,TRUE
811101,BIHAR,SHEIKHPURA,TRUE
811102,BIHAR,SHEIKHPURA,TRUE
811103,BIHAR,SHEIKHPURA,TRUE
811104,BIHAR,NALANDA,TRUE
811105,BIHAR,SHEIKHPURA,TRUE
811106,BIHAR,LAKHISARAI,TRUE
811107,BIHAR,SHEIKHPURA,TRUE
811112,BIHAR,LAKHISARAI,TRUE
811201,BIHAR,MUNGER,TRUE
811202,BIHAR,MUNGER,TRUE
811211,BIHAR,MUNGER,TRUE
811212,BIHAR,MUNGER,TRUE
811213,BIHAR,MUNGER,TRUE
811214,BIHAR,MUNGER,TRUE
811301,BIHAR,JAMUI,TRUE
811302,BIHAR,LAKHISARAI,TRUE
811303,BIHAR,JAMUI,TRUE
811304,BIHAR,SHEIKHPURA,TRUE
811305,BIHAR,JAMUI,TRUE
811306,BIHAR,LAKHISARAI,TRUE
811307,BIHAR,JAMUI,TRUE
811308,BIHAR,JAMUI,TRUE
811309,BIHAR,LAKHISARAI,TRUE
811310,BIHAR,LAKHISARAI,TRUE
811311,BIHAR,LAKHISARAI,TRUE
811312,BIHAR,JAMUI,TRUE
811313,BIHAR,JAMUI,TRUE
811314,BIHAR,JAMUI,TRUE
811316,BIHAR,JAMUI,TRUE
811317,BIHAR,JAMUI,TRUE
812001,BIHAR,BHAGALPUR,TRUE
812002,BIHAR,BHAGALPUR,TRUE
812003,BIHAR,BHAGALPUR,TRUE
812004,BIHAR,BHAGALPUR,TRUE
812005,BIHAR,BHAGALPUR,TRUE
812006,BIHAR,BHAGALPUR,TRUE
812007,BIHAR,BHAGALPUR,TRUE
813101,BIHAR,BANKA,TRUE
813102,BIHAR,SUPAUL,TRUE
813103,BIHAR,BANKA,TRUE
813104,BIHAR,BANKA,TRUE
813105,BIHAR,BANKA,TRUE
813106,BIHAR,BANKA,TRUE
813107,BIHAR,BANKA,TRUE
813108,BIHAR,BHAGALPUR,TRUE
813109,BIHAR,BANKA,TRUE
813110,BIHAR,BANKA,TRUE
813201,BIHAR,MUNGER,TRUE
813202,BIHAR,BANKA,TRUE
813203,BIHAR,BHAGALPUR,TRUE
813204,BIHAR,BHAGALPUR,TRUE
813205,BIHAR,BHAGALPUR,TRUE
813206,BIHAR,BHAGALPUR,TRUE
813207,BIHAR,BANKA,TRUE
813209,BIHAR,BHAGALPUR,TRUE
813210,BIHAR,BHAGALPUR,TRUE
813211,BIHAR,BANKA,TRUE
813212,BIHAR,BANKA,TRUE
813213,BIHAR,MUNGER,TRUE
813214,BIHAR,BHAGALPUR,TRUE
813221,BIHAR,MUNGER,TRUE
813222,BIHAR,BHAGALPUR,TRUE
814131,BIHAR,BANKA,TRUE
821015,BIHAR,ROHTAS,TRUE
821101,BIHAR,KAIMUR (BHABUA),TRUE
821102,BIHAR,KAIMUR (BHABUA),TRUE
821103,BIHAR,KAIMUR (BHABUA),TRUE
821104,BIHAR,ROHTAS,TRUE
821105,BIHAR,KAIMUR (BHABUA),TRUE
821106,BIHAR,KAIMUR (BHABUA),TRUE
821107,BIHAR,ROHTAS,TRUE
821108,BIHAR,KAIMUR (BHABUA),TRUE
821109,BIHAR,KAIMUR (BHABUA),TRUE
821110,BIHAR,KAIMUR (BHABUA),TRUE
821111,BIHAR,ROHTAS,TRUE
821112,BIHAR,ROHTAS,TRUE
821113,BIHAR,ROHTAS,TRUE
821114,BIHAR,ROHTAS,TRUE
821115,BIHAR,ROHTAS,TRUE
821301,BIHAR,ROHTAS,TRUE
821302,BIHAR,ROHTAS,TRUE
821303,BIHAR,ROHTAS,TRUE
821304,BIHAR,ROHTAS,TRUE
821305,BIHAR,ROHTAS,TRUE
821306,BIHAR,ROHTAS,TRUE
821307,BIHAR,ROHTAS,TRUE
821308,BIHAR,ROHTAS,TRUE
821309,BIHAR,ROHTAS,TRUE
821310,BIHAR,ROHTAS,TRUE
821311,BIHAR,ROHTAS,TRUE
821312,BIHAR,ROHTAS,TRUE
823001,BIHAR,GAYA,TRUE
823002,BIHAR,GAYA,TRUE
823003,BIHAR,GAYA,TRUE
823004,BIHAR,GAYA,TRUE
823005,BIHAR,GAYA,TRUE
823311,BIHAR,GAYA,TRUE
824101,BIHAR,AURANGABAD,TRUE
824102,BIHAR,AURANGABAD,TRUE
824103,BIHAR,AURANGABAD,TRUE
824111,BIHAR,AURANGABAD,TRUE
824112,BIHAR,AURANGABAD,TRUE
824113,BIHAR,AURANGABAD,TRUE
824114,BIHAR,AURANGABAD,TRUE
824115,BIHAR,AURANGABAD,TRUE
824116,BIHAR,GAYA,TRUE
824118,BIHAR,GAYA,TRUE
824120,BIHAR,AURANGABAD,TRUE
824121,BIHAR,AURANGABAD,TRUE
824122,BIHAR,AURANGABAD,TRUE
824123,BIHAR,AURANGABAD,TRUE
824124,BIHAR,AURANGABAD,TRUE
824125,BIHAR,AURANGABAD,TRUE
824126,BIHAR,AURANGABAD,TRUE
824127,BIHAR,AURANGABAD,TRUE
824129,BIHAR,AURANGABAD,TRUE
824143,BIHAR,AURANGABAD,TRUE
824201,BIHAR,GAYA,TRUE
824202,BIHAR,AURANGABAD,TRUE
824203,BIHAR,AURANGABAD,TRUE
824205,BIHAR,GAYA,TRUE
824206,BIHAR,GAYA,TRUE
824207,BIHAR,GAYA,TRUE
824208,BIHAR,AURANGABAD,TRUE
824209,BIHAR,GAYA,TRUE
824210,BIHAR,GAYA,TRUE
824211,BIHAR,GAYA,TRUE
824217,BIHAR,GAYA,TRUE
824219,BIHAR,GAYA,TRUE
824220,BIHAR,GAYA,TRUE
824221,BIHAR,GAYA,TRUE
824231,BIHAR,GAYA,TRUE
824232,BIHAR,GAYA,TRUE
824233,BIHAR,GAYA,TRUE
824234,BIHAR,GAYA,TRUE
824235,BIHAR,GAYA,TRUE
824236,BIHAR,GAYA,TRUE
824237,BIHAR,GAYA,TRUE
824301,BIHAR,AURANGABAD,TRUE
824302,BIHAR,AURANGABAD,TRUE
824303,BIHAR,AURANGABAD,TRUE
824304,BIHAR,AURANGABAD,TRUE
841101,BIHAR,SARAN,TRUE
841201,BIHAR,SARAN,TRUE
841202,BIHAR,SARAN,TRUE
841203,BIHAR,SIWAN,TRUE
841204,BIHAR,SARAN,TRUE
841205,BIHAR,SARAN,TRUE
841206,BIHAR,SARAN,TRUE
841207,BIHAR,SARAN,TRUE
841208,BIHAR,SARAN,TRUE
841209,BIHAR,SARAN,TRUE
841210,BIHAR,SIWAN,TRUE
841211,BIHAR,SARAN,TRUE
841212,BIHAR,SARAN,TRUE
841213,BIHAR,SARAN,TRUE
841214,BIHAR,SARAN,TRUE
841215,BIHAR,SARAN,TRUE
841216,BIHAR,SARAN,TRUE
841217,BIHAR,SARAN,TRUE
841218,BIHAR,SARAN,TRUE
841219,BIHAR,SARAN,TRUE
841220,BIHAR,SARAN,TRUE
841221,BIHAR,SARAN,TRUE
841222,BIHAR,SARAN,TRUE
841223,BIHAR,SARAN,TRUE
841224,BIHAR,SARAN,TRUE
841225,BIHAR,SARAN,TRUE
841226,BIHAR,SIWAN,TRUE
841227,BIHAR,SIWAN,TRUE
841228,BIHAR,SIWAN,TRUE
841231,BIHAR,SIWAN,TRUE
841232,BIHAR,SIWAN,TRUE
841233,BIHAR,SIWAN,TRUE
841234,BIHAR,SIWAN,TRUE
841235,BIHAR,SIWAN,TRUE
841236,BIHAR,SIWAN,TRUE
841237,BIHAR,SIWAN,TRUE
841238,BIHAR,SIWAN,TRUE
841239,BIHAR,SIWAN,TRUE
841240,BIHAR,SIWAN,TRUE
841241,BIHAR,SIWAN,TRUE
841242,BIHAR,SIWAN,TRUE
841243,BIHAR,SIWAN,TRUE
841244,BIHAR,SIWAN,TRUE
841245,BIHAR,SIWAN,TRUE
841286,BIHAR,SIWAN,TRUE
841287,BIHAR,SIWAN,TRUE
841301,BIHAR,SARAN,TRUE
841302,BIHAR,SARAN,TRUE
841305,BIHAR,SARAN,TRUE
841311,BIHAR,SARAN,TRUE
841312,BIHAR,SARAN,TRUE
841313,BIHAR,SARAN,TRUE
841316,BIHAR,SARAN,TRUE
841401,BIHAR,SARAN,TRUE
841402,BIHAR,SARAN,TRUE
841403,BIHAR,SARAN,TRUE
841404,BIHAR,SIWAN,TRUE
841405,BIHAR,GOPALGANJ,TRUE
841406,BIHAR,SIWAN,TRUE
841407,BIHAR,GOPALGANJ,TRUE
841408,BIHAR,SIWAN,TRUE
841409,BIHAR,GOPALGANJ,TRUE
841410,BIHAR,SARAN,TRUE
841411,BIHAR,SARAN,TRUE
841412,BIHAR,SARAN,TRUE
841413,BIHAR,SIWAN,TRUE
841414,BIHAR,SARAN,TRUE
841415,BIHAR,SARAN,TRUE
841416,BIHAR,SIWAN,TRUE
841417,BIHAR,SARAN,TRUE
841418,BIHAR,SARAN,TRUE
841419,BIHAR,SARAN,TRUE
841420,BIHAR,GOPALGANJ,TRUE
841421,BIHAR,SARAN,TRUE
841422,BIHAR,SARAN,TRUE
841423,BIHAR,GOPALGANJ,TRUE
841424,BIHAR,SARAN,TRUE
841425,BIHAR,GOPALGANJ,TRUE
841426,BIHAR,GOPALGANJ,TRUE
841427,BIHAR,GOPALGANJ,TRUE
841428,BIHAR,GOPALGANJ,TRUE
841434,BIHAR,SIWAN,TRUE
841435,BIHAR,SIWAN,TRUE
841436,BIHAR,GOPALGANJ,TRUE
841437,BIHAR,GOPALGANJ,TRUE
841438,BIHAR,GOPALGANJ,TRUE
841439,BIHAR,SIWAN,TRUE
841440,BIHAR,GOPALGANJ,TRUE
841441,BIHAR,GOPALGANJ,TRUE
841442,BIHAR,SARAN,TRUE
841443,BIHAR,SARAN,TRUE
841446,BIHAR,SIWAN,TRUE
495661,CHHATTISGARH,JANJGIR-CHAMPA,TRUE
495663,CHHATTISGARH,JANJGIR-CHAMPA,TRUE
495668,CHHATTISGARH,JANJGIR-CHAMPA,TRUE
495669,CHHATTISGARH,JANJGIR-CHAMPA,TRUE
495671,CHHATTISGARH,JANJGIR-CHAMPA,TRUE
495674,CHHATTISGARH,KORBA,TRUE
495677,CHHATTISGARH,KORBA,TRUE
495682,CHHATTISGARH,KORBA,TRUE
495683,CHHATTISGARH,KORBA,TRUE
495684,CHHATTISGARH,KORBA,TRUE
495686,CHHATTISGARH,JANJGIR-CHAMPA,TRUE
495687,CHHATTISGARH,JANJGIR-CHAMPA,TRUE
495688,CHHATTISGARH,JANJGIR-CHAMPA,TRUE
495689,CHHATTISGARH,JANJGIR-CHAMPA,TRUE
495690,CHHATTISGARH,JANJGIR-CHAMPA,TRUE
495691,CHHATTISGARH,JANJGIR-CHAMPA,TRUE
495692,CHHATTISGARH,JANJGIR-CHAMPA,TRUE
495695,CHHATTISGARH,JANJGIR-CHAMPA,TRUE
496001,CHHATTISGARH,RAIGARH,TRUE
496005,CHHATTISGARH,RAIGARH,TRUE
496100,CHHATTISGARH,RAIGARH,TRUE
496107,CHHATTISGARH,RAIGARH,TRUE
496108,CHHATTISGARH,RAIGARH,TRUE
496109,CHHATTISGARH,RAIGARH,TRUE
496111,CHHATTISGARH,RAIGARH,TRUE
496113,CHHATTISGARH,RAIGARH,TRUE
496115,CHHATTISGARH,RAIGARH,TRUE
496116,CHHATTISGARH,RAIGARH,TRUE
496118,CHHATTISGARH,JASHPUR,TRUE
496220,CHHATTISGARH,JASHPUR,TRUE
496223,CHHATTISGARH,JASHPUR,TRUE
496224,CHHATTISGARH,JASHPUR,TRUE
496225,CHHATTISGARH,JASHPUR,TRUE
496227,CHHATTISGARH,JASHPUR,TRUE
496242,CHHATTISGARH,JASHPUR,TRUE
496245,CHHATTISGARH,JASHPUR,TRUE
496330,CHHATTISGARH,JASHPUR,TRUE
496331,CHHATTISGARH,JASHPUR,TRUE
496334,CHHATTISGARH,JASHPUR,TRUE
496336,CHHATTISGARH,JASHPUR,TRUE
496338,CHHATTISGARH,JASHPUR,TRUE
496440,CHHATTISGARH,RAIGARH,TRUE
496445,CHHATTISGARH,RAIGARH,TRUE
496450,CHHATTISGARH,RAIGARH,TRUE
496551,CHHATTISGARH,RAIGARH,TRUE
496554,CHHATTISGARH,RAIGARH,TRUE
496661,CHHATTISGARH,RAIGARH,TRUE
496665,CHHATTISGARH,RAIGARH,TRUE
497001,CHHATTISGARH,SURGUJA,TRUE
497101,CHHATTISGARH,SURGUJA,TRUE
497111,CHHATTISGARH,SURGUJA,TRUE
497114,CHHATTISGARH,SURGUJA,TRUE
497116,CHHATTISGARH,SURGUJA,TRUE
497117,CHHATTISGARH,SURGUJA,TRUE
497118,CHHATTISGARH,BALRAMPUR,TRUE
497119,CHHATTISGARH,BALRAMPUR,TRUE
497220,CHHATTISGARH,BALRAMPUR,TRUE
497223,CHHATTISGARH,BALRAMPUR,TRUE
497224,CHHATTISGARH,BALRAMPUR,TRUE
497225,CHHATTISGARH,BALRAMPUR,TRUE
497226,CHHATTISGARH,SURAJPUR,TRUE
497229,CHHATTISGARH,SURAJPUR,TRUE
497231,CHHATTISGARH,SURAJPUR,TRUE
497235,CHHATTISGARH,SURAJPUR,TRUE
497331,CHHATTISGARH,KOREA,TRUE
497333,CHHATTISGARH,SURAJPUR,TRUE
497335,CHHATTISGARH,KOREA,TRUE
497339,CHHATTISGARH,KOREA,TRUE
497442,CHHATTISGARH,KOREA,TRUE
497446,CHHATTISGARH,KOREA,TRUE
497447,CHHATTISGARH,KOREA,TRUE
497448,CHHATTISGARH,KOREA,TRUE
497449,CHHATTISGARH,KOREA,TRUE
497450,CHHATTISGARH,KOREA,TRUE
497451,CHHATTISGARH,KOREA,TRUE
497553,CHHATTISGARH,KOREA,TRUE
497555,CHHATTISGARH,KOREA,TRUE
497557,CHHATTISGARH,KOREA,TRUE
497559,CHHATTISGARH,KOREA,TRUE
497773,CHHATTISGARH,KOREA,TRUE
497778,CHHATTISGARH,KOREA,TRUE
110001,DELHI,NEW DELHI,TRUE
110002,DELHI,CENTRAL,TRUE
110003,DELHI,South East,TRUE
110004,DELHI,NEW DELHI,TRUE
110005,DELHI,CENTRAL,TRUE
110006,DELHI,NORTH DELHI,TRUE
110007,DELHI,NORTH WEST,TRUE
110008,DELHI,WEST,TRUE
110065,DELHI,SOUTH,TRUE
110066,DELHI,NEW DELHI,TRUE
110067,DELHI,NEW DELHI,TRUE
110068,DELHI,SOUTH,TRUE
110069,DELHI,NEW DELHI,TRUE
110070,DELHI,NEW DELHI,TRUE
110071,DELHI,SOUTH WEST,TRUE
110072,DELHI,SOUTH WEST,TRUE
110073,DELHI,SOUTH WEST,TRUE
110074,DELHI,SOUTH,TRUE
110075,DELHI,SOUTH WEST,TRUE
110076,DELHI,SOUTH,TRUE
110077,DELHI,SOUTH WEST,TRUE
110078,DELHI,SOUTH WEST,TRUE
110080,DELHI,SOUTH,TRUE
110081,DELHI,NORTH WEST,TRUE
110082,DELHI,NORTH DELHI,TRUE
110083,DELHI,NORTH WEST,TRUE
110084,DELHI,NORTH DELHI,TRUE
110085,DELHI,NORTH WEST,TRUE
110086,DELHI,NORTH WEST,TRUE
110087,DELHI,WEST,TRUE
110088,DELHI,NORTH DELHI,TRUE
110089,DELHI,NORTH WEST,TRUE
110090,DELHI,NORTH EAST,TRUE
110091,DELHI,EAST,TRUE
110092,DELHI,EAST,TRUE
110093,DELHI,NORTH EAST,TRUE
110094,DELHI,NORTH EAST,TRUE
110095,DELHI,SHAHDARA,TRUE
110096,DELHI,EAST,TRUE
110097,DELHI,SOUTH WEST,TRUE
110099,DELHI,NORTH WEST,TRUE
110102,DELHI,NEW DELHI,TRUE
110106,DELHI,NORTH DELHI,TRUE
110110,DELHI,NORTH WEST,TRUE
110119,DELHI,South East,TRUE
110124,DELHI,SOUTH,TRUE
110151,DELHI,SHAHDARA,TRUE
110195,DELHI,SHAHDARA,TRUE
403001,GOA,NORTH GOA,TRUE
403002,GOA,NORTH GOA,TRUE
403005,GOA,NORTH GOA,TRUE
403006,GOA,NORTH GOA,TRUE
403101,GOA,NORTH GOA,TRUE
403102,GOA,NORTH GOA,TRUE
403103,GOA,SOUTH GOA,TRUE
403104,GOA,NORTH GOA,TRUE
403105,GOA,NORTH GOA,TRUE
403512,GOA,NORTH GOA,TRUE
403513,GOA,NORTH GOA,TRUE
403515,GOA,NORTH GOA,TRUE
403516,GOA,NORTH GOA,TRUE
403517,GOA,NORTH GOA,TRUE
403521,GOA,NORTH GOA,TRUE
403523,GOA,NORTH GOA,TRUE
403524,GOA,NORTH GOA,TRUE
403525,GOA,NORTH GOA,TRUE
403526,GOA,NORTH GOA,TRUE
403527,GOA,NORTH GOA,TRUE
403529,GOA,NORTH GOA,TRUE
403530,GOA,NORTH GOA,TRUE
403601,GOA,SOUTH GOA,TRUE
403602,GOA,SOUTH GOA,TRUE
403701,GOA,SOUTH GOA,TRUE
403702,GOA,SOUTH GOA,TRUE
403703,GOA,SOUTH GOA,TRUE
403704,GOA,SOUTH GOA,TRUE
403705,GOA,SOUTH GOA,TRUE
403706,GOA,SOUTH GOA,TRUE
403707,GOA,SOUTH GOA,TRUE
403708,GOA,SOUTH GOA,TRUE
403709,GOA,SOUTH GOA,TRUE
403710,GOA,SOUTH GOA,TRUE
403711,GOA,SOUTH GOA,TRUE
403712,GOA,SOUTH GOA,TRUE
403713,GOA,SOUTH GOA,TRUE
403714,GOA,SOUTH GOA,TRUE
403715,GOA,SOUTH GOA,TRUE
403716,GOA,SOUTH GOA,TRUE
403717,GOA,SOUTH GOA,TRUE
403718,GOA,SOUTH GOA,TRUE
403719,GOA,SOUTH GOA,TRUE
403720,GOA,SOUTH GOA,TRUE
403721,GOA,SOUTH GOA,TRUE
403722,GOA,SOUTH GOA,TRUE
403723,GOA,SOUTH GOA,TRUE
403724,GOA,SOUTH GOA,TRUE
403725,GOA,SOUTH GOA,TRUE
403726,GOA,SOUTH GOA,TRUE
403728,GOA,SOUTH GOA,TRUE
403729,GOA,SOUTH GOA,TRUE
403731,GOA,SOUTH GOA,TRUE
403801,GOA,SOUTH GOA,TRUE
403802,GOA,SOUTH GOA,TRUE
403803,GOA,SOUTH GOA,TRUE
403804,GOA,SOUTH GOA,TRUE
403806,GOA,SOUTH GOA,TRUE
360001,GUJARAT,RAJKOT,TRUE
360002,GUJARAT,RAJKOT,TRUE
360003,GUJARAT,RAJKOT,TRUE
360004,GUJARAT,RAJKOT,TRUE
360005,GUJARAT,RAJKOT,TRUE
384005,GUJARAT,MAHESANA,TRUE
384012,GUJARAT,MAHESANA,TRUE
384110,GUJARAT,PATAN,TRUE
384120,GUJARAT,MAHESANA,TRUE
384130,GUJARAT,MAHESANA,TRUE
384135,GUJARAT,MAHESANA,TRUE
384140,GUJARAT,MAHESANA,TRUE
384151,GUJARAT,PATAN,TRUE
384160,GUJARAT,MAHESANA,TRUE
384170,GUJARAT,MAHESANA,TRUE
384220,GUJARAT,PATAN,TRUE
384221,GUJARAT,PATAN,TRUE
384225,GUJARAT,PATAN,TRUE
384229,GUJARAT,PATAN,TRUE
384230,GUJARAT,PATAN,TRUE
384240,GUJARAT,PATAN,TRUE
384241,GUJARAT,PATAN,TRUE
384245,GUJARAT,PATAN,TRUE
384246,GUJARAT,PATAN,TRUE
384255,GUJARAT,PATAN,TRUE
384260,GUJARAT,PATAN,TRUE
384265,GUJARAT,PATAN,TRUE
384266,GUJARAT,PATAN,TRUE
384272,GUJARAT,PATAN,TRUE
384275,GUJARAT,PATAN,TRUE
384285,GUJARAT,PATAN,TRUE
384290,GUJARAT,PATAN,TRUE
384305,GUJARAT,MAHESANA,TRUE
384310,GUJARAT,MAHESANA,TRUE
384315,GUJARAT,MAHESANA,TRUE
384320,GUJARAT,MAHESANA,TRUE
384325,GUJARAT,MAHESANA,TRUE
384330,GUJARAT,MAHESANA,TRUE
384335,GUJARAT,MAHESANA,TRUE
384340,GUJARAT,MAHESANA,TRUE
384345,GUJARAT,MAHESANA,TRUE
384355,GUJARAT,MAHESANA,TRUE
384360,GUJARAT,MAHESANA,TRUE
384410,GUJARAT,MAHESANA,TRUE
384412,GUJARAT,MAHESANA,TRUE
384415,GUJARAT,MAHESANA,TRUE
384421,GUJARAT,MAHESANA,TRUE
384430,GUJARAT,MAHESANA,TRUE
384435,GUJARAT,MAHESANA,TRUE
384440,GUJARAT,MAHESANA,TRUE
384441,GUJARAT,MAHESANA,TRUE
384445,GUJARAT,MAHESANA,TRUE
384450,GUJARAT,MAHESANA,TRUE
384455,GUJARAT,MAHESANA,TRUE
384460,GUJARAT,MAHESANA,TRUE
384465,GUJARAT,MAHESANA,TRUE
384470,GUJARAT,MAHESANA,TRUE
384515,GUJARAT,MAHESANA,TRUE
384520,GUJARAT,MAHESANA,TRUE
384530,GUJARAT,MAHESANA,TRUE
384540,GUJARAT,MAHESANA,TRUE
384550,GUJARAT,MAHESANA,TRUE
384560,GUJARAT,MAHESANA,TRUE
384565,GUJARAT,MAHESANA,TRUE
384570,GUJARAT,MAHESANA,TRUE
385001,GUJARAT,BANAS KANTHA,TRUE
385010,GUJARAT,BANAS KANTHA,TRUE
385110,GUJARAT,BANAS KANTHA,TRUE
385120,GUJARAT,BANAS KANTHA,TRUE
385130,GUJARAT,BANAS KANTHA,TRUE
385135,GUJARAT,BANAS KANTHA,TRUE
385210,GUJARAT,BANAS KANTHA,TRUE
385310,GUJARAT,BANAS KANTHA,TRUE
385320,GUJARAT,BANAS KANTHA,TRUE
385330,GUJARAT,BANAS KANTHA,TRUE
385340,GUJARAT,PATAN,TRUE
385350,GUJARAT,PATAN,TRUE
385360,GUJARAT,PATAN,TRUE
385410,GUJARAT,BANAS KANTHA,TRUE
385421,GUJARAT,BANAS KANTHA,TRUE
385505,GUJARAT,BANAS KANTHA,TRUE
385506,GUJARAT,BANAS KANTHA,TRUE
385510,GUJARAT,BANAS KANTHA,TRUE
385515,GUJARAT,BANAS KANTHA,TRUE
385520,GUJARAT,BANAS KANTHA,TRUE
385530,GUJARAT,BANAS KANTHA,TRUE
385535,GUJARAT,BANAS KANTHA,TRUE
385540,GUJARAT,BANAS KANTHA,TRUE
385545,GUJARAT,BANAS KANTHA,TRUE
385550,GUJARAT,BANAS KANTHA,TRUE
385555,GUJARAT,BANAS KANTHA,TRUE
385560,GUJARAT,BANAS KANTHA,TRUE
385565,GUJARAT,BANAS KANTHA,TRUE
385566,GUJARAT,BANAS KANTHA,TRUE
385570,GUJARAT,BANAS KANTHA,TRUE
385575,GUJARAT,BANAS KANTHA,TRUE
385581,GUJARAT,BANAS KANTHA,TRUE
387001,GUJARAT,KHEDA,TRUE
387002,GUJARAT,KHEDA,TRUE
387003,GUJARAT,KHEDA,TRUE
387105,GUJARAT,KHEDA,TRUE
387110,GUJARAT,KHEDA,TRUE
387115,GUJARAT,KHEDA,TRUE
387120,GUJARAT,KHEDA,TRUE
387130,GUJARAT,KHEDA,TRUE
387210,GUJARAT,ANAND,TRUE
387220,GUJARAT,ANAND,TRUE
387230,GUJARAT,KHEDA,TRUE
387240,GUJARAT,ANAND,TRUE
387305,GUJARAT,KHEDA,TRUE
387310,GUJARAT,ANAND,TRUE
387315,GUJARAT,KHEDA,TRUE
387320,GUJARAT,KHEDA,TRUE
387325,GUJARAT,KHEDA,TRUE
387330,GUJARAT,KHEDA,TRUE
387335,GUJARAT,KHEDA,TRUE
387340,GUJARAT,KHEDA,TRUE
387345,GUJARAT,KHEDA,TRUE
387350,GUJARAT,KHEDA,TRUE
387355,GUJARAT,KHEDA,TRUE
387360,GUJARAT,KHEDA,TRUE
387365,GUJARAT,KHEDA,TRUE
387370,GUJARAT,KHEDA,TRUE
387375,GUJARAT,ANAND,TRUE
387380,GUJARAT,ANAND,TRUE
387411,GUJARAT,KHEDA,TRUE
387430,GUJARAT,KHEDA,TRUE
387510,GUJARAT,KHEDA,TRUE
387520,GUJARAT,KHEDA,TRUE
387530,GUJARAT,KHEDA,TRUE
387540,GUJARAT,KHEDA,TRUE
387550,GUJARAT,KHEDA,TRUE
387560,GUJARAT,KHEDA,TRUE
387570,GUJARAT,KHEDA,TRUE
387610,GUJARAT,KHEDA,TRUE
387620,GUJARAT,KHEDA,TRUE
387630,GUJARAT,KHEDA,TRUE
387635,GUJARAT,KHEDA,TRUE
387640,GUJARAT,KHEDA,TRUE
387650,GUJARAT,KHEDA,TRUE
387710,GUJARAT,KHEDA,TRUE
388001,GUJARAT,ANAND,TRUE
388110,GUJARAT,ANAND,TRUE
388120,GUJARAT,ANAND,TRUE
388130,GUJARAT,ANAND,TRUE
388140,GUJARAT,ANAND,TRUE
388150,GUJARAT,ANAND,TRUE
388160,GUJARAT,ANAND,TRUE
388170,GUJARAT,ANAND,TRUE
388180,GUJARAT,ANAND,TRUE
388205,GUJARAT,ANAND,TRUE
388210,GUJARAT,ANAND,TRUE
388215,GUJARAT,ANAND,TRUE
388220,GUJARAT,ANAND,TRUE
388225,GUJARAT,KHEDA,TRUE
388230,GUJARAT,KHEDA,TRUE
388235,GUJARAT,KHEDA,TRUE
388239,GUJARAT,KHEDA,TRUE
388245,GUJARAT,KHEDA,TRUE
388250,GUJARAT,KHEDA,TRUE
388255,GUJARAT,Mahisagar,TRUE
388260,GUJARAT,Mahisagar,TRUE
388265,GUJARAT,Mahisagar,TRUE
388270,GUJARAT,Mahisagar,TRUE
388305,GUJARAT,ANAND,TRUE
388306,GUJARAT,ANAND,TRUE
388307,GUJARAT,ANAND,TRUE
388310,GUJARAT,ANAND,TRUE
388315,GUJARAT,ANAND,TRUE
388320,GUJARAT,ANAND,TRUE
388325,GUJARAT,ANAND,TRUE
388330,GUJARAT,ANAND,TRUE
388335,GUJARAT,ANAND,TRUE
388340,GUJARAT,ANAND,TRUE
388345,GUJARAT,ANAND,TRUE
388350,GUJARAT,ANAND,TRUE
388355,GUJARAT,ANAND,TRUE
388360,GUJARAT,ANAND,TRUE
388365,GUJARAT,ANAND,TRUE
388370,GUJARAT,ANAND,TRUE
388410,GUJARAT,ANAND,TRUE
388421,GUJARAT,ANAND,TRUE
388430,GUJARAT,ANAND,TRUE
388440,GUJARAT,ANAND,TRUE
388450,GUJARAT,ANAND,TRUE
388460,GUJARAT,ANAND,TRUE
388465,GUJARAT,ANAND,TRUE
388470,GUJARAT,ANAND,TRUE
388480,GUJARAT,ANAND,TRUE
388510,GUJARAT,ANAND,TRUE
388520,GUJARAT,ANAND,TRUE
388530,GUJARAT,ANAND,TRUE
388540,GUJARAT,ANAND,TRUE
388543,GUJARAT,ANAND,TRUE
388545,GUJARAT,ANAND,TRUE
388550,GUJARAT,ANAND,TRUE
388560,GUJARAT,ANAND,TRUE
388570,GUJARAT,ANAND,TRUE
388580,GUJARAT,ANAND,TRUE
388590,GUJARAT,ANAND,TRUE
388610,GUJARAT,ANAND,TRUE
388620,GUJARAT,ANAND,TRUE
388625,GUJARAT,ANAND,TRUE
388630,GUJARAT,ANAND,TRUE
388640,GUJARAT,ANAND,TRUE
388710,GUJARAT,PANCH MAHALS,TRUE
388713,GUJARAT,PANCH MAHALS,TRUE
389001,GUJARAT,PANCH MAHALS,TRUE
389002,GUJARAT,PANCH MAHALS,TRUE
389110,GUJARAT,PANCH MAHALS,TRUE
389115,GUJARAT,PANCH MAHALS,TRUE
389120,GUJARAT,PANCH MAHALS,TRUE
389130,GUJARAT,DOHAD,TRUE
389135,GUJARAT,DOHAD,TRUE
389140,GUJARAT,DOHAD,TRUE
389146,GUJARAT,DOHAD,TRUE
389151,GUJARAT,DOHAD,TRUE
389152,GUJARAT,DOHAD,TRUE
389154,GUJARAT,DOHAD,TRUE
389155,GUJARAT,DOHAD,TRUE
389160,GUJARAT,DOHAD,TRUE
389170,GUJARAT,DOHAD,TRUE
389172,GUJARAT,Mahisagar,TRUE
389175,GUJARAT,DOHAD,TRUE
389180,GUJARAT,DOHAD,TRUE
389190,GUJARAT,DOHAD,TRUE
389210,GUJARAT,PANCH MAHALS,TRUE
389220,GUJARAT,PANCH MAHALS,TRUE
389230,GUJARAT,Mahisagar,TRUE
389232,GUJARAT,Mahisagar,TRUE
389235,GUJARAT,Mahisagar,TRUE
389250,GUJARAT,Mahisagar,TRUE
389260,GUJARAT,Mahisagar,TRUE
396060,GUJARAT,NAVSARI,TRUE
396065,GUJARAT,VALSAD,TRUE
396067,GUJARAT,VALSAD,TRUE
396105,GUJARAT,VALSAD,TRUE
396110,GUJARAT,NAVSARI,TRUE
396115,GUJARAT,VALSAD,TRUE
396120,GUJARAT,VALSAD,TRUE
396125,GUJARAT,VALSAD,TRUE
396126,GUJARAT,VALSAD,TRUE
396130,GUJARAT,VALSAD,TRUE
396135,GUJARAT,VALSAD,TRUE
396140,GUJARAT,VALSAD,TRUE
396145,GUJARAT,VALSAD,TRUE
396150,GUJARAT,VALSAD,TRUE
396155,GUJARAT,VALSAD,TRUE
396165,GUJARAT,VALSAD,TRUE
396170,GUJARAT,VALSAD,TRUE
396171,GUJARAT,VALSAD,TRUE
396180,GUJARAT,VALSAD,TRUE
396185,GUJARAT,VALSAD,TRUE
396191,GUJARAT,VALSAD,TRUE
396193,GUJARAT,VALSAD,TRUE
396195,GUJARAT,VALSAD,TRUE
396240,GUJARAT,VALSAD,TRUE
396310,GUJARAT,NAVSARI,TRUE
396321,GUJARAT,NAVSARI,TRUE
396325,GUJARAT,NAVSARI,TRUE
396350,GUJARAT,NAVSARI,TRUE
396360,GUJARAT,NAVSARI,TRUE
396370,GUJARAT,NAVSARI,TRUE
396375,GUJARAT,VALSAD,TRUE
396380,GUJARAT,NAVSARI,TRUE
396385,GUJARAT,VALSAD,TRUE
396403,GUJARAT,NAVSARI,TRUE
396406,GUJARAT,NAVSARI,TRUE
396409,GUJARAT,NAVSARI,TRUE
396412,GUJARAT,NAVSARI,TRUE
396415,GUJARAT,NAVSARI,TRUE
396418,GUJARAT,NAVSARI,TRUE
396421,GUJARAT,NAVSARI,TRUE
396427,GUJARAT,NAVSARI,TRUE
396430,GUJARAT,NAVSARI,TRUE
396433,GUJARAT,NAVSARI,TRUE
396436,GUJARAT,NAVSARI,TRUE
396439,GUJARAT,NAVSARI,TRUE
396445,GUJARAT,NAVSARI,TRUE
396450,GUJARAT,NAVSARI,TRUE
396460,GUJARAT,NAVSARI,TRUE
396463,GUJARAT,NAVSARI,TRUE
396466,GUJARAT,NAVSARI,TRUE
396469,GUJARAT,NAVSARI,TRUE
396472,GUJARAT,NAVSARI,TRUE
396475,GUJARAT,NAVSARI,TRUE
396510,GUJARAT,SURAT,TRUE
396521,GUJARAT,NAVSARI,TRUE
396530,GUJARAT,NAVSARI,TRUE
396540,GUJARAT,NAVSARI,TRUE
396560,GUJARAT,NAVSARI,TRUE
396570,GUJARAT,NAVSARI,TRUE
396580,GUJARAT,NAVSARI,TRUE
396590,GUJARAT,NAVSARI,TRUE
121001,HARYANA,FARIDABAD,TRUE
121002,HARYANA,FARIDABAD,TRUE
121003,HARYANA,FARIDABAD,TRUE
135001,HARYANA,YAMUNANAGAR,TRUE
135002,HARYANA,YAMUNANAGAR,TRUE
135003,HARYANA,YAMUNANAGAR,TRUE
135004,HARYANA,YAMUNANAGAR,TRUE
135021,HARYANA,YAMUNANAGAR,TRUE
135101,HARYANA,YAMUNANAGAR,TRUE
135102,HARYANA,YAMUNANAGAR,TRUE
135103,HARYANA,YAMUNANAGAR,TRUE
135106,HARYANA,YAMUNANAGAR,TRUE
135133,HARYANA,YAMUNANAGAR,TRUE
136020,HARYANA,KAITHAL,TRUE
136021,HARYANA,KAITHAL,TRUE
136026,HARYANA,KAITHAL,TRUE
136027,HARYANA,KAITHAL,TRUE
136030,HARYANA,KURUKSHETRA,TRUE
136033,HARYANA,KAITHAL,TRUE
136034,HARYANA,KAITHAL,TRUE
136035,HARYANA,KAITHAL,TRUE
136038,HARYANA,KURUKSHETRA,TRUE
136042,HARYANA,KAITHAL,TRUE
136043,HARYANA,KAITHAL,TRUE
136044,HARYANA,KAITHAL,TRUE
136117,HARYANA,KAITHAL,TRUE
136118,HARYANA,KURUKSHETRA,TRUE
136119,HARYANA,KURUKSHETRA,TRUE
136128,HARYANA,KURUKSHETRA,TRUE
136129,HARYANA,KURUKSHETRA,TRUE
136130,HARYANA,KURUKSHETRA,TRUE
136131,HARYANA,KURUKSHETRA,TRUE
136132,HARYANA,KURUKSHETRA,TRUE
136134,HARYANA,KURUKSHETRA,TRUE
136135,HARYANA,KURUKSHETRA,TRUE
136136,HARYANA,KURUKSHETRA,TRUE
136156,HARYANA,KURUKSHETRA,TRUE
171001,HIMACHAL PRADESH,SHIMLA,TRUE
171002,HIMACHAL PRADESH,SHIMLA,TRUE
171003,HIMACHAL PRADESH,SHIMLA,TRUE
177119,HIMACHAL PRADESH,HAMIRPUR,TRUE
177201,HIMACHAL PRADESH,UNA,TRUE
177202,HIMACHAL PRADESH,UNA,TRUE
177203,HIMACHAL PRADESH,UNA,TRUE
177204,HIMACHAL PRADESH,UNA,TRUE
177205,HIMACHAL PRADESH,UNA,TRUE
177206,HIMACHAL PRADESH,UNA,TRUE
177207,HIMACHAL PRADESH,UNA,TRUE
177208,HIMACHAL PRADESH,UNA,TRUE
177209,HIMACHAL PRADESH,UNA,TRUE
177210,HIMACHAL PRADESH,UNA,TRUE
177211,HIMACHAL PRADESH,UNA,TRUE
177212,HIMACHAL PRADESH,UNA,TRUE
177213,HIMACHAL PRADESH,UNA,TRUE
177219,HIMACHAL PRADESH,UNA,TRUE
177220,HIMACHAL PRADESH,UNA,TRUE
177301,HIMACHAL PRADESH,HAMIRPUR,TRUE
177401,HIMACHAL PRADESH,HAMIRPUR,TRUE
177501,HIMACHAL PRADESH,HAMIRPUR,TRUE
177601,HIMACHAL PRADESH,HAMIRPUR,TRUE
180001,JAMMU AND KASHMIR,JAMMU,TRUE
180002,JAMMU AND KASHMIR,JAMMU,TRUE
180003,JAMMU AND KASHMIR,JAMMU,TRUE
180004,JAMMU AND KASHMIR,JAMMU,TRUE
180005,JAMMU AND KASHMIR,JAMMU,TRUE
180006,JAMMU AND KASHMIR,JAMMU,TRUE
180007,JAMMU AND KASHMIR,JAMMU,TRUE
180009,JAMMU AND KASHMIR,JAMMU,TRUE
180010,JAMMU AND KASHMIR,JAMMU,TRUE
180011,JAMMU AND KASHMIR,JAMMU,TRUE
180012,JAMMU AND KASHMIR,JAMMU,TRUE
180013,JAMMU AND KASHMIR,JAMMU,TRUE
180015,JAMMU AND KASHMIR,JAMMU,TRUE
180016,JAMMU AND KASHMIR,JAMMU,TRUE
180017,JAMMU AND KASHMIR,JAMMU,TRUE
180018,JAMMU AND KASHMIR,JAMMU,TRUE
180019,JAMMU AND KASHMIR,JAMMU,TRUE
193225,JAMMU AND KASHMIR,KUPWARA,TRUE
193301,JAMMU AND KASHMIR,BARAMULLA,TRUE
193302,JAMMU AND KASHMIR,KUPWARA,TRUE
193303,JAMMU AND KASHMIR,BARAMULLA,TRUE
193306,JAMMU AND KASHMIR,SHOPIAN,TRUE
193401,JAMMU AND KASHMIR,Budgam,TRUE
193402,JAMMU AND KASHMIR,BARAMULLA,TRUE
193403,JAMMU AND KASHMIR,BARAMULLA,TRUE
193404,JAMMU AND KASHMIR,BARAMULLA,TRUE
193411,JAMMU AND KASHMIR,Budgam,TRUE
193501,JAMMU AND KASHMIR,BANDIPORA,TRUE
193502,JAMMU AND KASHMIR,BANDIPORA,TRUE
193503,JAMMU AND KASHMIR,BANDIPORA,TRUE
193504,JAMMU AND KASHMIR,BANDIPORA,TRUE
193505,JAMMU AND KASHMIR,BANDIPORA,TRUE
813208,JHARKHAND,GODDA,TRUE
814101,JHARKHAND,DUMKA,TRUE
814102,JHARKHAND,DUMKA,TRUE
814103,JHARKHAND,DUMKA,TRUE
814110,JHARKHAND,DUMKA,TRUE
814111,JHARKHAND,PAKUR,TRUE
814112,Jharkhand,Deoghar,TRUE
814113,JHARKHAND,DEOGHAR,TRUE
814114,JHARKHAND,DEOGHAR,TRUE
814115,JHARKHAND,DEOGHAR,TRUE
814116,JHARKHAND,DEOGHAR,TRUE
814118,JHARKHAND,DUMKA,TRUE
814119,JHARKHAND,DUMKA,TRUE
814120,JHARKHAND,DUMKA,TRUE
814133,JHARKHAND,GODDA,TRUE
814141,JHARKHAND,DUMKA,TRUE
814142,JHARKHAND,DEOGHAR,TRUE
814143,JHARKHAND,DEOGHAR,TRUE
814144,JHARKHAND,DUMKA,TRUE
814145,JHARKHAND,DUMKA,TRUE
814146,JHARKHAND,DEOGHAR,TRUE
814147,JHARKHAND,GODDA,TRUE
814148,JHARKHAND,DUMKA,TRUE
814149,JHARKHAND,DEOGHAR,TRUE
814150,JHARKHAND,DEOGHAR,TRUE
814151,JHARKHAND,DUMKA,TRUE
814152,JHARKHAND,DEOGHAR,TRUE
814153,JHARKHAND,GODDA,TRUE
814154,JHARKHAND,GODDA,TRUE
814155,JHARKHAND,GODDA,TRUE
814156,JHARKHAND,GODDA,TRUE
814157,JHARKHAND,DEOGHAR,TRUE
814158,JHARKHAND,DUMKA,TRUE
814160,JHARKHAND,GODDA,TRUE
814165,JHARKHAND,GODDA,TRUE
814166,JHARKHAND,DUMKA,TRUE
814167,JHARKHAND,DUMKA,TRUE
814168,JHARKHAND,DUMKA,TRUE
814170,JHARKHAND,DUMKA,TRUE
815117,JHARKHAND,PAKUR,TRUE
815301,JHARKHAND,GIRIDIH,TRUE
815302,JHARKHAND,GIRIDIH,TRUE
815311,JHARKHAND,GIRIDIH,TRUE
815312,JHARKHAND,GIRIDIH,TRUE
815313,JHARKHAND,GIRIDIH,TRUE
815314,JHARKHAND,GIRIDIH,TRUE
815315,JHARKHAND,GIRIDIH,TRUE
815316,JHARKHAND,GIRIDIH,TRUE
815317,JHARKHAND,GIRIDIH,TRUE
815318,JHARKHAND,GIRIDIH,TRUE
815352,JHARKHAND,JAMTARA,TRUE
815353,JHARKHAND,DEOGHAR,TRUE
815354,JHARKHAND,JAMTARA,TRUE
815357,JHARKHAND,DEOGHAR,TRUE
815359,JHARKHAND,JAMTARA,TRUE
816101,JHARKHAND,SAHEBGANJ,TRUE
816102,JHARKHAND,PAKUR,TRUE
816103,JHARKHAND,PAKUR,TRUE
816104,JHARKHAND,PAKUR,TRUE
816105,JHARKHAND,PAKUR,TRUE
816106,JHARKHAND,PAKUR,TRUE
816107,JHARKHAND,PAKUR,TRUE
816108,JHARKHAND,SAHEBGANJ,TRUE
816109,JHARKHAND,SAHEBGANJ,TRUE
816110,JHARKHAND,SAHEBGANJ,TRUE
816115,JHARKHAND,SAHEBGANJ,TRUE
816116,JHARKHAND,SAHEBGANJ,TRUE
816117,JHARKHAND,PAKUR,TRUE
816118,JHARKHAND,DUMKA,TRUE
816120,JHARKHAND,SAHEBGANJ,TRUE
816129,JHARKHAND,SAHEBGANJ,TRUE
818142,JHARKHAND,DHANBAD,TRUE
822101,JHARKHAND,PALAMU,TRUE
822102,JHARKHAND,PALAMU,TRUE
822110,JHARKHAND,PALAMU,TRUE
822111,JHARKHAND,LATEHAR,TRUE
822112,JHARKHAND,GARHWA,TRUE
822113,JHARKHAND,PALAMU,TRUE
822114,JHARKHAND,GARHWA,TRUE
822115,JHARKHAND,PALAMU,TRUE
822116,JHARKHAND,PALAMU,TRUE
822117,JHARKHAND,PALAMU,TRUE
822118,JHARKHAND,PALAMU,TRUE
822119,JHARKHAND,LATEHAR,TRUE
822120,JHARKHAND,PALAMU,TRUE
822121,JHARKHAND,GARHWA,TRUE
822122,JHARKHAND,PALAMU,TRUE
822123,JHARKHAND,PALAMU,TRUE
822124,JHARKHAND,PALAMU,TRUE
822125,JHARKHAND,GARHWA,TRUE
822126,JHARKHAND,LATEHAR,TRUE
822128,JHARKHAND,GARHWA,TRUE
822129,JHARKHAND,GARHWA,TRUE
822131,JHARKHAND,PALAMU,TRUE
822132,JHARKHAND,PALAMU,TRUE
822133,JHARKHAND,GARHWA,TRUE
822134,JHARKHAND,GARHWA,TRUE
825101,JHARKHAND,RAMGARH,TRUE
825102,JHARKHAND,BOKARO,TRUE
825103,JHARKHAND,CHATRA,TRUE
825106,JHARKHAND,GIRIDIH,TRUE
825108,JHARKHAND,GIRIDIH,TRUE
825109,JHARKHAND,KODERMA,TRUE
825132,JHARKHAND,KODERMA,TRUE
825167,JHARKHAND,GIRIDIH,TRUE
825301,JHARKHAND,HAZARIBAGH,TRUE
825302,JHARKHAND,HAZARIBAGH,TRUE
825303,JHARKHAND,HAZARIBAGH,TRUE
825311,JHARKHAND,HAZARIBAGH,TRUE
833217,JHARKHAND,WEST SINGHBHUM,TRUE
833218,JHARKHAND,WEST SINGHBHUM,TRUE
833219,JHARKHAND,SARAIKELA KHARSAWAN,TRUE
833220,JHARKHAND,SARAIKELA KHARSAWAN,TRUE
833221,JHARKHAND,WEST SINGHBHUM,TRUE
833222,JHARKHAND,WEST SINGHBHUM,TRUE
833223,JHARKHAND,WEST SINGHBHUM,TRUE
834001,JHARKHAND,RANCHI,TRUE
834002,JHARKHAND,RANCHI,TRUE
834003,JHARKHAND,RANCHI,TRUE
834004,JHARKHAND,RANCHI,TRUE
834005,JHARKHAND,RANCHI,TRUE
834006,JHARKHAND,RANCHI,TRUE
834007,JHARKHAND,RANCHI,TRUE
834008,JHARKHAND,RANCHI,TRUE
834009,JHARKHAND,RANCHI,TRUE
834010,JHARKHAND,RANCHI,TRUE
834011,JHARKHAND,RANCHI,TRUE
834012,JHARKHAND,RANCHI,TRUE
834013,JHARKHAND,RANCHI,TRUE
834014,JHARKHAND,RANCHI,TRUE
835101,JHARKHAND,RANCHI,TRUE
835102,JHARKHAND,RANCHI,TRUE
835103,JHARKHAND,RANCHI,TRUE
835201,JHARKHAND,SIMDEGA,TRUE
835202,JHARKHAND,RANCHI,TRUE
835203,JHARKHAND,GUMLA,TRUE
835204,JHARKHAND,RANCHI,TRUE
835205,JHARKHAND,RANCHI,TRUE
835206,JHARKHAND,GUMLA,TRUE
835207,JHARKHAND,GUMLA,TRUE
835208,JHARKHAND,GUMLA,TRUE
835209,JHARKHAND,KHUNTI,TRUE
835210,JHARKHAND,KHUNTI,TRUE
835211,JHARKHAND,SIMDEGA,TRUE
835212,JHARKHAND,SIMDEGA,TRUE
835213,JHARKHAND,LOHARDAGA,TRUE
835214,JHARKHAND,RANCHI,TRUE
835215,JHARKHAND,RANCHI,TRUE
835216,JHARKHAND,KHUNTI,TRUE
835217,JHARKHAND,RANCHI,TRUE
835218,JHARKHAND,GUMLA,TRUE
835219,JHARKHAND,RANCHI,TRUE
835220,JHARKHAND,GUMLA,TRUE
835221,JHARKHAND,RANCHI,TRUE
835222,JHARKHAND,RANCHI,TRUE
835223,JHARKHAND,SIMDEGA,TRUE
835224,JHARKHAND,GUMLA,TRUE
835225,JHARKHAND,RANCHI,TRUE
835226,JHARKHAND,SIMDEGA,TRUE
835227,JHARKHAND,KHUNTI,TRUE
835228,JHARKHAND,SIMDEGA,TRUE
835229,JHARKHAND,GUMLA,TRUE
835230,JHARKHAND,GUMLA,TRUE
835231,JHARKHAND,GUMLA,TRUE
835232,JHARKHAND,GUMLA,TRUE
835233,JHARKHAND,GUMLA,TRUE
835234,JHARKHAND,KHUNTI,TRUE
835235,JHARKHAND,SIMDEGA,TRUE
835301,JHARKHAND,RANCHI,TRUE
835302,JHARKHAND,LOHARDAGA,TRUE
835303,JHARKHAND,RANCHI,TRUE
835325,JHARKHAND,RANCHI,TRUE
560001,KARNATAKA,BENGALURU URBAN,TRUE
560002,KARNATAKA,BENGALURU URBAN,TRUE
560003,KARNATAKA,BENGALURU URBAN,TRUE
560004,KARNATAKA,BENGALURU URBAN,TRUE
560005,KARNATAKA,BENGALURU URBAN,TRUE
560006,KARNATAKA,BENGALURU URBAN,TRUE
560007,KARNATAKA,BENGALURU URBAN,TRUE
560008,KARNATAKA,BENGALURU URBAN,TRUE
560009,KARNATAKA,BENGALURU URBAN,TRUE
560010,KARNATAKA,BENGALURU URBAN,TRUE
560011,KARNATAKA,BENGALURU URBAN,TRUE
560012,KARNATAKA,BENGALURU URBAN,TRUE
560013,KARNATAKA,BENGALURU URBAN,TRUE
560015,KARNATAKA,BENGALURU URBAN,TRUE
560016,KARNATAKA,BENGALURU URBAN,TRUE
577429,KARNATAKA,SHIVAMOGGA,TRUE
577430,KARNATAKA,SHIVAMOGGA,TRUE
577431,KARNATAKA,SHIVAMOGGA,TRUE
577432,KARNATAKA,SHIVAMOGGA,TRUE
577433,KARNATAKA,SHIVAMOGGA,TRUE
577434,KARNATAKA,SHIVAMOGGA,TRUE
577435,KARNATAKA,SHIVAMOGGA,TRUE
577436,KARNATAKA,SHIVAMOGGA,TRUE
577451,KARNATAKA,SHIVAMOGGA,TRUE
577452,KARNATAKA,SHIVAMOGGA,TRUE
577453,KARNATAKA,SHIVAMOGGA,TRUE
577501,KARNATAKA,CHITRADURGA,TRUE
577502,KARNATAKA,CHITRADURGA,TRUE
577511,KARNATAKA,CHITRADURGA,TRUE
577512,KARNATAKA,DAVANGERE,TRUE
577513,KARNATAKA,DAVANGERE,TRUE
577514,KARNATAKA,DAVANGERE,TRUE
577515,KARNATAKA,CHITRADURGA,TRUE
577516,KARNATAKA,DAVANGERE,TRUE
577517,KARNATAKA,CHITRADURGA,TRUE
577518,KARNATAKA,CHITRADURGA,TRUE
577519,KARNATAKA,CHITRADURGA,TRUE
577520,KARNATAKA,CHITRADURGA,TRUE
577521,KARNATAKA,DAVANGERE,TRUE
577522,KARNATAKA,CHITRADURGA,TRUE
577523,KARNATAKA,CHITRADURGA,TRUE
577524,KARNATAKA,CHITRADURGA,TRUE
577525,KARNATAKA,DAVANGERE,TRUE
577526,KARNATAKA,CHITRADURGA,TRUE
577527,KARNATAKA,CHITRADURGA,TRUE
577528,KARNATAKA,DAVANGERE,TRUE
577529,KARNATAKA,CHITRADURGA,TRUE
577530,KARNATAKA,DAVANGERE,TRUE
577531,KARNATAKA,CHITRADURGA,TRUE
577532,KARNATAKA,CHITRADURGA,TRUE
577533,KARNATAKA,CHITRADURGA,TRUE
577534,KARNATAKA,DAVANGERE,TRUE
577535,KARNATAKA,CHITRADURGA,TRUE
577536,KARNATAKA,CHITRADURGA,TRUE
577537,KARNATAKA,CHITRADURGA,TRUE
577538,KARNATAKA,CHITRADURGA,TRUE
577539,KARNATAKA,CHITRADURGA,TRUE
577540,KARNATAKA,CHITRADURGA,TRUE
577541,KARNATAKA,CHITRADURGA,TRUE
577542,KARNATAKA,CHITRADURGA,TRUE
577543,KARNATAKA,CHITRADURGA,TRUE
577544,KARNATAKA,DAVANGERE,TRUE
577545,KARNATAKA,CHITRADURGA,TRUE
577546,KARNATAKA,CHITRADURGA,TRUE
577547,KARNATAKA,CHIKKAMAGALURU,TRUE
577548,KARNATAKA,CHIKKAMAGALURU,TRUE
577550,KARNATAKA,CHIKKAMAGALURU,TRUE
577551,KARNATAKA,DAVANGERE,TRUE
577552,KARNATAKA,DAVANGERE,TRUE
577553,KARNATAKA,DAVANGERE,TRUE
577554,KARNATAKA,CHITRADURGA,TRUE
577555,KARNATAKA,CHITRADURGA,TRUE
577556,KARNATAKA,DAVANGERE,TRUE
577557,KARNATAKA,CHITRADURGA,TRUE
577558,KARNATAKA,CHITRADURGA,TRUE
577566,KARNATAKA,DAVANGERE,TRUE
577589,KARNATAKA,DAVANGERE,TRUE
577596,KARNATAKA,CHITRADURGA,TRUE
577597,KARNATAKA,CHITRADURGA,TRUE
577598,KARNATAKA,CHITRADURGA,TRUE
577599,KARNATAKA,CHITRADURGA,TRUE
577601,KARNATAKA,DAVANGERE,TRUE
580001,KARNATAKA,DHARWAD,TRUE
580002,KARNATAKA,DHARWAD,TRUE
580003,KARNATAKA,DHARWAD,TRUE
580004,KARNATAKA,DHARWAD,TRUE
580005,KARNATAKA,DHARWAD,TRUE
580006,KARNATAKA,DHARWAD,TRUE
580007,KARNATAKA,DHARWAD,TRUE
580008,KARNATAKA,DHARWAD,TRUE
580009,KARNATAKA,DHARWAD,TRUE
580011,KARNATAKA,DHARWAD,TRUE
580020,KARNATAKA,DHARWAD,TRUE
580021,KARNATAKA,DHARWAD,TRUE
580023,KARNATAKA,DHARWAD,TRUE
580024,KARNATAKA,DHARWAD,TRUE
580025,KARNATAKA,DHARWAD,TRUE
580026,KARNATAKA,DHARWAD,TRUE
580027,KARNATAKA,DHARWAD,TRUE
580028,KARNATAKA,DHARWAD,TRUE
580029,KARNATAKA,DHARWAD,TRUE
580030,KARNATAKA,DHARWAD,TRUE
580031,KARNATAKA,DHARWAD,TRUE
580032,KARNATAKA,DHARWAD,TRUE
580112,KARNATAKA,DHARWAD,TRUE
580114,KARNATAKA,DHARWAD,TRUE
580118,KARNATAKA,DHARWAD,TRUE
581101,KARNATAKA,HAVERI,TRUE
581102,KARNATAKA,HAVERI,TRUE
581103,KARNATAKA,DHARWAD,TRUE
581104,KARNATAKA,HAVERI,TRUE
581105,KARNATAKA,DHARWAD,TRUE
581106,KARNATAKA,HAVERI,TRUE
581107,KARNATAKA,DHARWAD,TRUE
581108,KARNATAKA,HAVERI,TRUE
581109,KARNATAKA,HAVERI,TRUE
581110,KARNATAKA,HAVERI,TRUE
581111,KARNATAKA,HAVERI,TRUE
581112,KARNATAKA,HAVERI,TRUE
581113,KARNATAKA,DHARWAD,TRUE
581115,KARNATAKA,HAVERI,TRUE
581116,KARNATAKA,HAVERI,TRUE
581117,KARNATAKA,DHARWAD,TRUE
581118,KARNATAKA,HAVERI,TRUE
581119,KARNATAKA,HAVERI,TRUE
581120,KARNATAKA,HAVERI,TRUE
581121,KARNATAKA,UTTARA KANNADA,TRUE
581123,KARNATAKA,HAVERI,TRUE
581126,KARNATAKA,HAVERI,TRUE
581128,KARNATAKA,HAVERI,TRUE
581129,KARNATAKA,UTTARA KANNADA,TRUE
581145,KARNATAKA,HAVERI,TRUE
581148,KARNATAKA,HAVERI,TRUE
581186,KARNATAKA,UTTARA KANNADA,TRUE
581187,KARNATAKA,UTTARA KANNADA,TRUE
581193,KARNATAKA,HAVERI,TRUE
581195,KARNATAKA,DHARWAD,TRUE
581196,KARNATAKA,DHARWAD,TRUE
581198,KARNATAKA,HAVERI,TRUE
581199,KARNATAKA,HAVERI,TRUE
581201,KARNATAKA,DHARWAD,TRUE
581202,KARNATAKA,HAVERI,TRUE
581203,KARNATAKA,HAVERI,TRUE
581204,KARNATAKA,DHARWAD,TRUE
581205,KARNATAKA,HAVERI,TRUE
581206,KARNATAKA,DHARWAD,TRUE
581207,KARNATAKA,DHARWAD,TRUE
581208,KARNATAKA,HAVERI,TRUE
581209,KARNATAKA,DHARWAD,TRUE
581210,KARNATAKA,HAVERI,TRUE
581211,KARNATAKA,HAVERI,TRUE
581212,KARNATAKA,HAVERI,TRUE
581213,KARNATAKA,HAVERI,TRUE
581237,KARNATAKA,HAVERI,TRUE
581301,KARNATAKA,UTTARA KANNADA,TRUE
581302,KARNATAKA,UTTARA KANNADA,TRUE
581303,KARNATAKA,UTTARA KANNADA,TRUE
581304,KARNATAKA,UTTARA KANNADA,TRUE
581306,KARNATAKA,UTTARA KANNADA,TRUE
581307,KARNATAKA,UTTARA KANNADA,TRUE
581308,KARNATAKA,UTTARA KANNADA,TRUE
581314,KARNATAKA,UTTARA KANNADA,TRUE
581315,KARNATAKA,UTTARA KANNADA,TRUE
581316,KARNATAKA,UTTARA KANNADA,TRUE
581317,KARNATAKA,UTTARA KANNADA,TRUE
581318,KARNATAKA,UTTARA KANNADA,TRUE
581319,KARNATAKA,UTTARA KANNADA,TRUE
581320,KARNATAKA,UTTARA KANNADA,TRUE
581321,KARNATAKA,UTTARA KANNADA,TRUE
581322,KARNATAKA,UTTARA KANNADA,TRUE
581323,KARNATAKA,UTTARA KANNADA,TRUE
581324,KARNATAKA,UTTARA KANNADA,TRUE
581325,KARNATAKA,UTTARA KANNADA,TRUE
581326,KARNATAKA,UTTARA KANNADA,TRUE
581327,KARNATAKA,UTTARA KANNADA,TRUE
581328,KARNATAKA,UTTARA KANNADA,TRUE
581329,KARNATAKA,UTTARA KANNADA,TRUE
581330,KARNATAKA,UTTARA KANNADA,TRUE
581331,KARNATAKA,UTTARA KANNADA,TRUE
581332,KARNATAKA,UTTARA KANNADA,TRUE
581333,KARNATAKA,UTTARA KANNADA,TRUE
581334,KARNATAKA,UTTARA KANNADA,TRUE
581335,KARNATAKA,UTTARA KANNADA,TRUE
581336,KARNATAKA,UTTARA KANNADA,TRUE
581337,KARNATAKA,UTTARA KANNADA,TRUE
581338,KARNATAKA,UTTARA KANNADA,TRUE
581339,KARNATAKA,UTTARA KANNADA,TRUE
581340,KARNATAKA,UTTARA KANNADA,TRUE
581341,KARNATAKA,UTTARA KANNADA,TRUE
581342,KARNATAKA,UTTARA KANNADA,TRUE
581343,KARNATAKA,UTTARA KANNADA,TRUE
581344,KARNATAKA,UTTARA KANNADA,TRUE
581345,KARNATAKA,UTTARA KANNADA,TRUE
581346,KARNATAKA,UTTARA KANNADA,TRUE
581347,KARNATAKA,UTTARA KANNADA,TRUE
581348,KARNATAKA,UTTARA KANNADA,TRUE
581349,KARNATAKA,UTTARA KANNADA,TRUE
581350,KARNATAKA,UTTARA KANNADA,TRUE
581351,KARNATAKA,UTTARA KANNADA,TRUE
581352,KARNATAKA,UTTARA KANNADA,TRUE
581353,KARNATAKA,UTTARA KANNADA,TRUE
581354,KARNATAKA,UTTARA KANNADA,TRUE
581355,KARNATAKA,UTTARA KANNADA,TRUE
581356,KARNATAKA,UTTARA KANNADA,TRUE
581357,KARNATAKA,UTTARA KANNADA,TRUE
581358,KARNATAKA,UTTARA KANNADA,TRUE
581359,KARNATAKA,UTTARA KANNADA,TRUE
581360,KARNATAKA,UTTARA KANNADA,TRUE
581361,KARNATAKA,UTTARA KANNADA,TRUE
581362,KARNATAKA,UTTARA KANNADA,TRUE
581363,KARNATAKA,UTTARA KANNADA,TRUE
581365,KARNATAKA,UTTARA KANNADA,TRUE
581384,KARNATAKA,UTTARA KANNADA,TRUE
581396,KARNATAKA,UTTARA KANNADA,TRUE
581400,KARNATAKA,UTTARA KANNADA,TRUE
581401,KARNATAKA,UTTARA KANNADA,TRUE
581402,KARNATAKA,UTTARA KANNADA,TRUE
581403,KARNATAKA,UTTARA KANNADA,TRUE
581411,KARNATAKA,UTTARA KANNADA,TRUE
581412,KARNATAKA,UTTARA KANNADA,TRUE
581421,KARNATAKA,UTTARA KANNADA,TRUE
581423,KARNATAKA,UTTARA KANNADA,TRUE
581440,KARNATAKA,UTTARA KANNADA,TRUE
581450,KARNATAKA,UTTARA KANNADA,TRUE
581453,KARNATAKA,UTTARA KANNADA,TRUE
582101,KARNATAKA,GADAG,TRUE
582102,KARNATAKA,GADAG,TRUE
582103,KARNATAKA,GADAG,TRUE
582111,KARNATAKA,GADAG,TRUE
582112,KARNATAKA,GADAG,TRUE
582113,KARNATAKA,GADAG,TRUE
582114,KARNATAKA,GADAG,TRUE
582115,KARNATAKA,GADAG,TRUE
582116,KARNATAKA,GADAG,TRUE
582117,KARNATAKA,GADAG,TRUE
582118,KARNATAKA,GADAG,TRUE
582119,KARNATAKA,GADAG,TRUE
582120,KARNATAKA,GADAG,TRUE
582201,KARNATAKA,DHARWAD,TRUE
582202,KARNATAKA,GADAG,TRUE
582203,KARNATAKA,GADAG,TRUE
582204,KARNATAKA,GADAG,TRUE
582205,KARNATAKA,GADAG,TRUE
582206,KARNATAKA,GADAG,TRUE
582207,KARNATAKA,GADAG,TRUE
582208,KARNATAKA,DHARWAD,TRUE
582209,KARNATAKA,GADAG,TRUE
582210,KARNATAKA,GADAG,TRUE
582211,KARNATAKA,GADAG,TRUE
583101,KARNATAKA,BALLARI,TRUE
583102,KARNATAKA,BALLARI,TRUE
583103,KARNATAKA,BALLARI,TRUE
583104,KARNATAKA,BALLARI,TRUE
583105,KARNATAKA,BALLARI,TRUE
583111,KARNATAKA,BALLARI,TRUE
583112,KARNATAKA,BALLARI,TRUE
583113,KARNATAKA,BALLARI,TRUE
583114,KARNATAKA,BALLARI,TRUE
583115,KARNATAKA,BALLARI,TRUE
583116,KARNATAKA,BALLARI,TRUE
583117,KARNATAKA,BALLARI,TRUE
583118,KARNATAKA,BALLARI,TRUE
583119,KARNATAKA,BALLARI,TRUE
583120,KARNATAKA,BALLARI,TRUE
583121,KARNATAKA,BALLARI,TRUE
583122,KARNATAKA,BALLARI,TRUE
583123,KARNATAKA,BALLARI,TRUE
583124,KARNATAKA,BALLARI,TRUE
583125,KARNATAKA,VIJAYNAGAR,TRUE
583126,KARNATAKA,VIJAYNAGAR,TRUE
583127,KARNATAKA,VIJAYNAGAR,TRUE
583128,KARNATAKA,BALLARI,TRUE
583129,KARNATAKA,BALLARI,TRUE
583130,KARNATAKA,VIJAYNAGAR,TRUE
583131,KARNATAKA,VIJAYNAGAR,TRUE
583132,KARNATAKA,BALLARI,TRUE
583134,KARNATAKA,VIJAYNAGAR,TRUE
583135,KARNATAKA,VIJAYNAGAR,TRUE
583136,KARNATAKA,VIJAYNAGAR,TRUE
583137,KARNATAKA,VIJAYNAGAR,TRUE
583152,KARNATAKA,BALLARI,TRUE
583153,KARNATAKA,BALLARI,TRUE
583154,KARNATAKA,BALLARI,TRUE
583155,KARNATAKA,BALLARI,TRUE
583201,KARNATAKA,BALLARI,TRUE
583203,KARNATAKA,VIJAYNAGAR,TRUE
583211,KARNATAKA,VIJAYNAGAR,TRUE
583212,KARNATAKA,VIJAYNAGAR,TRUE
583213,KARNATAKA,VIJAYNAGAR,TRUE
583214,KARNATAKA,VIJAYNAGAR,TRUE
583215,KARNATAKA,VIJAYNAGAR,TRUE
587205,KARNATAKA,BAGALKOT,TRUE
587206,KARNATAKA,BAGALKOT,TRUE
587207,KARNATAKA,BAGALKOT,TRUE
587301,KARNATAKA,BAGALKOT,TRUE
587311,KARNATAKA,BAGALKOT,TRUE
587312,KARNATAKA,BAGALKOT,TRUE
587313,KARNATAKA,BAGALKOT,TRUE
587314,KARNATAKA,BAGALKOT,TRUE
587315,KARNATAKA,BAGALKOT,TRUE
587316,KARNATAKA,BAGALKOT,TRUE
587330,KARNATAKA,BAGALKOT,TRUE
587331,KARNATAKA,BAGALKOT,TRUE
590001,KARNATAKA,BELAGAVI,TRUE
590003,KARNATAKA,BELAGAVI,TRUE
590005,KARNATAKA,BELAGAVI,TRUE
590006,KARNATAKA,BELAGAVI,TRUE
590008,KARNATAKA,BELAGAVI,TRUE
590009,KARNATAKA,BELAGAVI,TRUE
590010,KARNATAKA,BELAGAVI,TRUE
590011,KARNATAKA,BELAGAVI,TRUE
590014,KARNATAKA,BELAGAVI,TRUE
590015,KARNATAKA,BELAGAVI,TRUE
590016,KARNATAKA,BELAGAVI,TRUE
590017,KARNATAKA,BELAGAVI,TRUE
590018,KARNATAKA,BELAGAVI,TRUE
590019,KARNATAKA,BELAGAVI,TRUE
590020,KARNATAKA,BELAGAVI,TRUE
591101,KARNATAKA,BELAGAVI,TRUE
591102,KARNATAKA,BELAGAVI,TRUE
591103,KARNATAKA,BELAGAVI,TRUE
591104,KARNATAKA,BELAGAVI,TRUE
591106,KARNATAKA,BELAGAVI,TRUE
591107,KARNATAKA,BELAGAVI,TRUE
591108,KARNATAKA,BELAGAVI,TRUE
591109,KARNATAKA,BELAGAVI,TRUE
591110,KARNATAKA,BELAGAVI,TRUE
591111,KARNATAKA,BELAGAVI,TRUE
591112,KARNATAKA,BELAGAVI,TRUE
591113,KARNATAKA,BELAGAVI,TRUE
591114,KARNATAKA,BELAGAVI,TRUE
591115,KARNATAKA,BELAGAVI,TRUE
591117,KARNATAKA,BELAGAVI,TRUE
591118,KARNATAKA,BELAGAVI,TRUE
591119,KARNATAKA,BELAGAVI,TRUE
591120,KARNATAKA,BELAGAVI,TRUE
591121,KARNATAKA,BELAGAVI,TRUE
591122,KARNATAKA,BELAGAVI,TRUE
591123,KARNATAKA,BELAGAVI,TRUE
591124,KARNATAKA,BELAGAVI,TRUE
591125,KARNATAKA,BELAGAVI,TRUE
591126,KARNATAKA,BELAGAVI,TRUE
591127,KARNATAKA,BELAGAVI,TRUE
591128,KARNATAKA,BELAGAVI,TRUE
591129,KARNATAKA,BELAGAVI,TRUE
591130,KARNATAKA,BELAGAVI,TRUE
591131,KARNATAKA,BELAGAVI,TRUE
591136,KARNATAKA,BELAGAVI,TRUE
591143,KARNATAKA,BELAGAVI,TRUE
591147,KARNATAKA,BELAGAVI,TRUE
591153,KARNATAKA,BELAGAVI,TRUE
591156,KARNATAKA,BELAGAVI,TRUE
591173,KARNATAKA,BELAGAVI,TRUE
591201,KARNATAKA,BELAGAVI,TRUE
591211,KARNATAKA,BELAGAVI,TRUE
591212,KARNATAKA,BELAGAVI,TRUE
591213,KARNATAKA,BELAGAVI,TRUE
591214,KARNATAKA,BELAGAVI,TRUE
591215,KARNATAKA,BELAGAVI,TRUE
591216,KARNATAKA,BELAGAVI,TRUE
591217,KARNATAKA,BELAGAVI,TRUE
591218,KARNATAKA,BELAGAVI,TRUE
591219,KARNATAKA,BELAGAVI,TRUE
591220,KARNATAKA,BELAGAVI,TRUE
591221,KARNATAKA,BELAGAVI,TRUE
591222,KARNATAKA,BELAGAVI,TRUE
591223,KARNATAKA,BELAGAVI,TRUE
591224,KARNATAKA,BELAGAVI,TRUE
591225,KARNATAKA,BELAGAVI,TRUE
591226,KARNATAKA,BELAGAVI,TRUE
591227,KARNATAKA,BELAGAVI,TRUE
591228,KARNATAKA,BELAGAVI,TRUE
591229,KARNATAKA,BELAGAVI,TRUE
591230,KARNATAKA,BELAGAVI,TRUE
591231,KARNATAKA,BELAGAVI,TRUE
591232,KARNATAKA,BELAGAVI,TRUE
591233,KARNATAKA,BELAGAVI,TRUE
591234,KARNATAKA,BELAGAVI,TRUE
591235,KARNATAKA,BELAGAVI,TRUE
591236,KARNATAKA,BELAGAVI,TRUE
591237,KARNATAKA,BELAGAVI,TRUE
591238,KARNATAKA,BELAGAVI,TRUE
591239,KARNATAKA,BELAGAVI,TRUE
591240,KARNATAKA,BELAGAVI,TRUE
591241,KARNATAKA,BELAGAVI,TRUE
591242,KARNATAKA,BELAGAVI,TRUE
591243,KARNATAKA,BELAGAVI,TRUE
591244,KARNATAKA,BELAGAVI,TRUE
591246,KARNATAKA,BELAGAVI,TRUE
591247,KARNATAKA,BELAGAVI,TRUE
591248,KARNATAKA,BELAGAVI,TRUE
591254,KARNATAKA,BELAGAVI,TRUE
591263,KARNATAKA,BELAGAVI,TRUE
591265,KARNATAKA,BELAGAVI,TRUE
591287,KARNATAKA,BELAGAVI,TRUE
591301,KARNATAKA,BELAGAVI,TRUE
591302,KARNATAKA,BELAGAVI,TRUE
591303,KARNATAKA,BELAGAVI,TRUE
591304,KARNATAKA,BELAGAVI,TRUE
591305,KARNATAKA,BELAGAVI,TRUE
591306,KARNATAKA,BELAGAVI,TRUE
591307,KARNATAKA,BELAGAVI,TRUE
591308,KARNATAKA,BELAGAVI,TRUE
591309,KARNATAKA,BELAGAVI,TRUE
591310,KARNATAKA,BELAGAVI,TRUE
591311,KARNATAKA,BELAGAVI,TRUE
591312,KARNATAKA,BELAGAVI,TRUE
591313,KARNATAKA,BELAGAVI,TRUE
591314,KARNATAKA,BELAGAVI,TRUE
591315,KARNATAKA,BELAGAVI,TRUE
591316,KARNATAKA,BELAGAVI,TRUE
591317,KARNATAKA,BELAGAVI,TRUE
591340,KARNATAKA,BELAGAVI,TRUE
591344,KARNATAKA,BELAGAVI,TRUE
591345,KARNATAKA,BELAGAVI,TRUE
591346,KARNATAKA,BELAGAVI,TRUE
612906,KERALA,KOZHIKODE,TRUE
670001,KERALA,KANNUR,TRUE
670002,KERALA,KANNUR,TRUE
670003,KERALA,KANNUR,TRUE
670004,KERALA,KANNUR,TRUE
670005,KERALA,KANNUR,TRUE
670006,KERALA,KANNUR,TRUE
670007,KERALA,KANNUR,TRUE
670008,KERALA,KANNUR,TRUE
670009,KERALA,KANNUR,TRUE
670010,KERALA,KANNUR,TRUE
670011,KERALA,KANNUR,TRUE
670012,KERALA,KANNUR,TRUE
670013,KERALA,KANNUR,TRUE
670014,KERALA,KANNUR,TRUE
670017,KERALA,KANNUR,TRUE
670018,KERALA,KANNUR,TRUE
670051,KERALA,KANNUR,TRUE
670101,KERALA,KANNUR,TRUE
670102,KERALA,KANNUR,TRUE
670103,KERALA,KANNUR,TRUE
670104,KERALA,KANNUR,TRUE
670105,KERALA,KANNUR,TRUE
670106,KERALA,KANNUR,TRUE
670107,KERALA,KANNUR,TRUE
670141,KERALA,KANNUR,TRUE
670142,KERALA,KANNUR,TRUE
670143,KERALA,KANNUR,TRUE
685531,KERALA,IDUKKI,TRUE
685532,KERALA,IDUKKI,TRUE
685533,KERALA,IDUKKI,TRUE
685535,KERALA,IDUKKI,TRUE
685551,KERALA,IDUKKI,TRUE
685552,KERALA,IDUKKI,TRUE
685553,KERALA,IDUKKI,TRUE
685554,KERALA,IDUKKI,TRUE
685561,KERALA,IDUKKI,TRUE
685562,KERALA,IDUKKI,TRUE
685563,KERALA,IDUKKI,TRUE
685565,KERALA,IDUKKI,TRUE
685566,KERALA,IDUKKI,TRUE
685571,KERALA,IDUKKI,TRUE
685581,KERALA,IDUKKI,TRUE
685582,KERALA,IDUKKI,TRUE
685583,KERALA,IDUKKI,TRUE
685584,KERALA,IDUKKI,TRUE
685585,KERALA,IDUKKI,TRUE
685586,KERALA,IDUKKI,TRUE
685587,KERALA,IDUKKI,TRUE
685588,KERALA,IDUKKI,TRUE
685589,KERALA,IDUKKI,TRUE
685590,KERALA,IDUKKI,TRUE
685591,KERALA,IDUKKI,TRUE
685595,KERALA,IDUKKI,TRUE
685601,KERALA,IDUKKI,TRUE
685602,KERALA,IDUKKI,TRUE
685603,KERALA,IDUKKI,TRUE
685604,KERALA,IDUKKI,TRUE
685605,KERALA,IDUKKI,TRUE
685606,KERALA,IDUKKI,TRUE
685607,KERALA,IDUKKI,TRUE
685608,KERALA,IDUKKI,TRUE
685609,KERALA,IDUKKI,TRUE
685612,KERALA,IDUKKI,TRUE
685613,KERALA,IDUKKI,TRUE
685614,KERALA,IDUKKI,TRUE
685615,KERALA,IDUKKI,TRUE
685616,KERALA,IDUKKI,TRUE
685618,KERALA,IDUKKI,TRUE
691334,KERALA,KOLLAM,TRUE
691500,KERALA,KOLLAM,TRUE
691501,KERALA,KOLLAM,TRUE
691502,KERALA,KOLLAM,TRUE
691503,KERALA,KOLLAM,TRUE
691504,KERALA,KOLLAM,TRUE
691505,KERALA,KOLLAM,TRUE
691506,KERALA,KOLLAM,TRUE
691507,KERALA,KOLLAM,TRUE
691508,KERALA,KOLLAM,TRUE
691509,KERALA,KOLLAM,TRUE
691510,KERALA,KOLLAM,TRUE
691511,KERALA,KOLLAM,TRUE
691512,KERALA,KOLLAM,TRUE
691515,KERALA,KOLLAM,TRUE
691516,KERALA,KOLLAM,TRUE
691520,KERALA,KOLLAM,TRUE
691521,KERALA,KOLLAM,TRUE
691522,KERALA,KOLLAM,TRUE
691523,KERALA,PATHANAMTHITTA,TRUE
691524,KERALA,PATHANAMTHITTA,TRUE
691525,KERALA,PATHANAMTHITTA,TRUE
691526,KERALA,PATHANAMTHITTA,TRUE
691527,KERALA,KOLLAM,TRUE
691530,KERALA,PATHANAMTHITTA,TRUE
691531,KERALA,KOLLAM,TRUE
691532,KERALA,KOLLAM,TRUE
691533,KERALA,KOLLAM,TRUE
691534,KERALA,KOLLAM,TRUE
691535,KERALA,KOLLAM,TRUE
691536,KERALA,KOLLAM,TRUE
691537,KERALA,KOLLAM,TRUE
691538,KERALA,KOLLAM,TRUE
691540,KERALA,KOLLAM,TRUE
691541,KERALA,KOLLAM,TRUE
691543,KERALA,KOLLAM,TRUE
691551,KERALA,PATHANAMTHITTA,TRUE
691552,KERALA,PATHANAMTHITTA,TRUE
691553,KERALA,PATHANAMTHITTA,TRUE
691554,KERALA,PATHANAMTHITTA,TRUE
691555,KERALA,PATHANAMTHITTA,TRUE
691556,KERALA,PATHANAMTHITTA,TRUE
691557,KERALA,KOLLAM,TRUE
691559,KERALA,KOLLAM,TRUE
691560,KERALA,KOLLAM,TRUE
691566,KERALA,KOLLAM,TRUE
691571,KERALA,KOLLAM,TRUE
691572,KERALA,KOLLAM,TRUE
691573,KERALA,KOLLAM,TRUE
691574,KERALA,KOLLAM,TRUE
691576,KERALA,KOLLAM,TRUE
691577,KERALA,KOLLAM,TRUE
691578,KERALA,KOLLAM,TRUE
691579,KERALA,KOLLAM,TRUE
691581,KERALA,KOLLAM,TRUE
691582,KERALA,KOLLAM,TRUE
691583,KERALA,KOLLAM,TRUE
691584,KERALA,KOLLAM,TRUE
691585,KERALA,KOLLAM,TRUE
691589,KERALA,KOLLAM,TRUE
691590,KERALA,KOLLAM,TRUE
691601,KERALA,KOLLAM,TRUE
691602,KERALA,KOLLAM,TRUE
695001,KERALA,THIRUVANANTHAPURAM,TRUE
695002,KERALA,THIRUVANANTHAPURAM,TRUE
695003,KERALA,THIRUVANANTHAPURAM,TRUE
695004,KERALA,THIRUVANANTHAPURAM,TRUE
695005,KERALA,THIRUVANANTHAPURAM,TRUE
695006,KERALA,THIRUVANANTHAPURAM,TRUE
695007,KERALA,THIRUVANANTHAPURAM,TRUE
695008,KERALA,THIRUVANANTHAPURAM,TRUE
695009,KERALA,THIRUVANANTHAPURAM,TRUE
695010,KERALA,THIRUVANANTHAPURAM,TRUE
695011,KERALA,THIRUVANANTHAPURAM,TRUE
695012,KERALA,THIRUVANANTHAPURAM,TRUE
695013,KERALA,THIRUVANANTHAPURAM,TRUE
695014,KERALA,THIRUVANANTHAPURAM,TRUE
695015,KERALA,THIRUVANANTHAPURAM,TRUE
695016,KERALA,THIRUVANANTHAPURAM,TRUE
695017,KERALA,THIRUVANANTHAPURAM,TRUE
695018,KERALA,THIRUVANANTHAPURAM,TRUE
695019,KERALA,THIRUVANANTHAPURAM,TRUE
695020,KERALA,THIRUVANANTHAPURAM,TRUE
695021,KERALA,THIRUVANANTHAPURAM,TRUE
695022,KERALA,THIRUVANANTHAPURAM,TRUE
695023,KERALA,THIRUVANANTHAPURAM,TRUE
695024,KERALA,THIRUVANANTHAPURAM,TRUE
695025,KERALA,THIRUVANANTHAPURAM,TRUE
695026,KERALA,THIRUVANANTHAPURAM,TRUE
695027,KERALA,THIRUVANANTHAPURAM,TRUE
695028,KERALA,THIRUVANANTHAPURAM,TRUE
695029,KERALA,THIRUVANANTHAPURAM,TRUE
695030,KERALA,THIRUVANANTHAPURAM,TRUE
695032,KERALA,THIRUVANANTHAPURAM,TRUE
695033,KERALA,THIRUVANANTHAPURAM,TRUE
695034,KERALA,THIRUVANANTHAPURAM,TRUE
695035,KERALA,THIRUVANANTHAPURAM,TRUE
695036,KERALA,THIRUVANANTHAPURAM,TRUE
695038,KERALA,THIRUVANANTHAPURAM,TRUE
695040,KERALA,THIRUVANANTHAPURAM,TRUE
695042,KERALA,THIRUVANANTHAPURAM,TRUE
695043,KERALA,THIRUVANANTHAPURAM,TRUE
695051,KERALA,THIRUVANANTHAPURAM,TRUE
695099,KERALA,THIRUVANANTHAPURAM,TRUE
695101,KERALA,THIRUVANANTHAPURAM,TRUE
695102,KERALA,THIRUVANANTHAPURAM,TRUE
695103,KERALA,THIRUVANANTHAPURAM,TRUE
695104,KERALA,THIRUVANANTHAPURAM,TRUE
695121,KERALA,THIRUVANANTHAPURAM,TRUE
695122,KERALA,THIRUVANANTHAPURAM,TRUE
695123,KERALA,THIRUVANANTHAPURAM,TRUE
695124,KERALA,THIRUVANANTHAPURAM,TRUE
695125,KERALA,THIRUVANANTHAPURAM,TRUE
695126,KERALA,THIRUVANANTHAPURAM,TRUE
695132,KERALA,THIRUVANANTHAPURAM,TRUE
695133,KERALA,THIRUVANANTHAPURAM,TRUE
695134,KERALA,THIRUVANANTHAPURAM,TRUE
695141,KERALA,THIRUVANANTHAPURAM,TRUE
695142,KERALA,THIRUVANANTHAPURAM,TRUE
695143,KERALA,THIRUVANANTHAPURAM,TRUE
695144,KERALA,THIRUVANANTHAPURAM,TRUE
695145,KERALA,THIRUVANANTHAPURAM,TRUE
695146,KERALA,THIRUVANANTHAPURAM,TRUE
695301,KERALA,THIRUVANANTHAPURAM,TRUE
695302,KERALA,THIRUVANANTHAPURAM,TRUE
695303,KERALA,THIRUVANANTHAPURAM,TRUE
695304,KERALA,THIRUVANANTHAPURAM,TRUE
695305,KERALA,THIRUVANANTHAPURAM,TRUE
695306,KERALA,THIRUVANANTHAPURAM,TRUE
695307,KERALA,THIRUVANANTHAPURAM,TRUE
695308,KERALA,THIRUVANANTHAPURAM,TRUE
695309,KERALA,THIRUVANANTHAPURAM,TRUE
695310,KERALA,THIRUVANANTHAPURAM,TRUE
695311,KERALA,THIRUVANANTHAPURAM,TRUE
695312,KERALA,THIRUVANANTHAPURAM,TRUE
695313,KERALA,THIRUVANANTHAPURAM,TRUE
695316,KERALA,THIRUVANANTHAPURAM,TRUE
695317,KERALA,THIRUVANANTHAPURAM,TRUE
695318,KERALA,THIRUVANANTHAPURAM,TRUE
695501,KERALA,THIRUVANANTHAPURAM,TRUE
695502,KERALA,THIRUVANANTHAPURAM,TRUE
695503,KERALA,THIRUVANANTHAPURAM,TRUE
695504,KERALA,THIRUVANANTHAPURAM,TRUE
695505,KERALA,THIRUVANANTHAPURAM,TRUE
695506,KERALA,THIRUVANANTHAPURAM,TRUE
695507,KERALA,THIRUVANANTHAPURAM,TRUE
695508,KERALA,THIRUVANANTHAPURAM,TRUE
695512,KERALA,THIRUVANANTHAPURAM,TRUE
695513,KERALA,THIRUVANANTHAPURAM,TRUE
695521,KERALA,THIRUVANANTHAPURAM,TRUE
695522,KERALA,THIRUVANANTHAPURAM,TRUE
695523,KERALA,THIRUVANANTHAPURAM,TRUE
695524,KERALA,THIRUVANANTHAPURAM,TRUE
695525,KERALA,THIRUVANANTHAPURAM,TRUE
695526,KERALA,THIRUVANANTHAPURAM,TRUE
695527,KERALA,THIRUVANANTHAPURAM,TRUE
695528,KERALA,THIRUVANANTHAPURAM,TRUE
695541,KERALA,THIRUVANANTHAPURAM,TRUE
695542,KERALA,THIRUVANANTHAPURAM,TRUE
695543,KERALA,THIRUVANANTHAPURAM,TRUE
695547,KERALA,THIRUVANANTHAPURAM,TRUE
695551,KERALA,THIRUVANANTHAPURAM,TRUE
695561,KERALA,THIRUVANANTHAPURAM,TRUE
695562,KERALA,THIRUVANANTHAPURAM,TRUE
695563,KERALA,THIRUVANANTHAPURAM,TRUE
695564,KERALA,THIRUVANANTHAPURAM,TRUE
695568,KERALA,THIRUVANANTHAPURAM,TRUE
695570,KERALA,THIRUVANANTHAPURAM,TRUE
695571,KERALA,THIRUVANANTHAPURAM,TRUE
695572,KERALA,THIRUVANANTHAPURAM,TRUE
695573,KERALA,THIRUVANANTHAPURAM,TRUE
695574,KERALA,THIRUVANANTHAPURAM,TRUE
695575,KERALA,THIRUVANANTHAPURAM,TRUE
695581,KERALA,THIRUVANANTHAPURAM,TRUE
695582,KERALA,THIRUVANANTHAPURAM,TRUE
695583,KERALA,THIRUVANANTHAPURAM,TRUE
695584,KERALA,THIRUVANANTHAPURAM,TRUE
695585,KERALA,THIRUVANANTHAPURAM,TRUE
695586,KERALA,THIRUVANANTHAPURAM,TRUE
695587,KERALA,THIRUVANANTHAPURAM,TRUE
695588,KERALA,THIRUVANANTHAPURAM,TRUE
695589,KERALA,THIRUVANANTHAPURAM,TRUE
695601,KERALA,THIRUVANANTHAPURAM,TRUE
695602,KERALA,THIRUVANANTHAPURAM,TRUE
695603,KERALA,THIRUVANANTHAPURAM,TRUE
695604,KERALA,THIRUVANANTHAPURAM,TRUE
695605,KERALA,THIRUVANANTHAPURAM,TRUE
695606,KERALA,THIRUVANANTHAPURAM,TRUE
695607,KERALA,THIRUVANANTHAPURAM,TRUE
695608,KERALA,THIRUVANANTHAPURAM,TRUE
695609,KERALA,THIRUVANANTHAPURAM,TRUE
695610,KERALA,THIRUVANANTHAPURAM,TRUE
695611,KERALA,THIRUVANANTHAPURAM,TRUE
695612,KERALA,THIRUVANANTHAPURAM,TRUE
695614,KERALA,THIRUVANANTHAPURAM,TRUE
695615,KERALA,THIRUVANANTHAPURAM,TRUE
194101,LADAKH,LEH LADAKH,TRUE
194102,LADAKH,KARGIL,TRUE
194103,LADAKH,KARGIL,TRUE
194104,LADAKH,LEH LADAKH,TRUE
194105,LADAKH,KARGIL,TRUE
194106,LADAKH,LEH LADAKH,TRUE
194107,LADAKH,LEH LADAKH,TRUE
194109,LADAKH,KARGIL,TRUE
194201,LADAKH,LEH LADAKH,TRUE
194202,LADAKH,LEH LADAKH,TRUE
194301,LADAKH,KARGIL,TRUE
194302,LADAKH,KARGIL,TRUE
194303,LADAKH,KARGIL,TRUE
194401,LADAKH,LEH LADAKH,TRUE
682551,LAKSHADWEEP,LAKSHADWEEP DISTRICT,TRUE
682552,LAKSHADWEEP,LAKSHADWEEP DISTRICT,TRUE
682553,LAKSHADWEEP,LAKSHADWEEP DISTRICT,TRUE
682554,LAKSHADWEEP,LAKSHADWEEP DISTRICT,TRUE
682555,LAKSHADWEEP,LAKSHADWEEP DISTRICT,TRUE
682556,LAKSHADWEEP,LAKSHADWEEP DISTRICT,TRUE
682557,LAKSHADWEEP,LAKSHADWEEP DISTRICT,TRUE
682558,LAKSHADWEEP,LAKSHADWEEP DISTRICT,TRUE
682559,LAKSHADWEEP,LAKSHADWEEP DISTRICT,TRUE
450001,MADHYA PRADESH,EAST NIMAR,TRUE
450051,MADHYA PRADESH,EAST NIMAR,TRUE
450110,MADHYA PRADESH,EAST NIMAR,TRUE
450112,MADHYA PRADESH,EAST NIMAR,TRUE
450114,MADHYA PRADESH,EAST NIMAR,TRUE
450116,MADHYA PRADESH,EAST NIMAR,TRUE
483225,MADHYA PRADESH,KATNI,TRUE
483330,MADHYA PRADESH,KATNI,TRUE
483331,MADHYA PRADESH,KATNI,TRUE
483332,MADHYA PRADESH,KATNI,TRUE
483334,MADHYA PRADESH,JABALPUR,TRUE
483336,MADHYA PRADESH,JABALPUR,TRUE
483440,MADHYA PRADESH,KATNI,TRUE
483442,MADHYA PRADESH,KATNI,TRUE
483501,MADHYA PRADESH,KATNI,TRUE
483504,MADHYA PRADESH,KATNI,TRUE
483770,MADHYA PRADESH,KATNI,TRUE
483773,MADHYA PRADESH,KATNI,TRUE
483775,MADHYA PRADESH,KATNI,TRUE
483880,MADHYA PRADESH,KATNI,TRUE
483990,MADHYA PRADESH,KATNI,TRUE
484001,MADHYA PRADESH,SHAHDOL,TRUE
484110,MADHYA PRADESH,SHAHDOL,TRUE
484113,MADHYA PRADESH,ANUPPUR,TRUE
484114,MADHYA PRADESH,SHAHDOL,TRUE
484116,MADHYA PRADESH,ANUPPUR,TRUE
484117,MADHYA PRADESH,SHAHDOL,TRUE
484120,MADHYA PRADESH,ANUPPUR,TRUE
484220,MADHYA PRADESH,ANUPPUR,TRUE
484224,MADHYA PRADESH,ANUPPUR,TRUE
484330,MADHYA PRADESH,ANUPPUR,TRUE
484334,MADHYA PRADESH,SHAHDOL,TRUE
484336,MADHYA PRADESH,ANUPPUR,TRUE
484440,MADHYA PRADESH,ANUPPUR,TRUE
484444,MADHYA PRADESH,ANUPPUR,TRUE
484446,MADHYA PRADESH,ANUPPUR,TRUE
484447,MADHYA PRADESH,ANUPPUR,TRUE
484551,MADHYA PRADESH,UMARIA,TRUE
484555,MADHYA PRADESH,UMARIA,TRUE
484660,MADHYA PRADESH,UMARIA,TRUE
484661,MADHYA PRADESH,UMARIA,TRUE
484664,MADHYA PRADESH,UMARIA,TRUE
484665,MADHYA PRADESH,UMARIA,TRUE
484669,MADHYA PRADESH,SHAHDOL,TRUE
484770,MADHYA PRADESH,SHAHDOL,TRUE
484771,MADHYA PRADESH,SHAHDOL,TRUE
484774,MADHYA PRADESH,SHAHDOL,TRUE
484776,MADHYA PRADESH,SHAHDOL,TRUE
484881,MADHYA PRADESH,ANUPPUR,TRUE
484886,MADHYA PRADESH,ANUPPUR,TRUE
484887,MADHYA PRADESH,ANUPPUR,TRUE
485001,MADHYA PRADESH,SATNA,TRUE
485005,MADHYA PRADESH,SATNA,TRUE
485111,MADHYA PRADESH,SATNA,TRUE
485112,MADHYA PRADESH,SATNA,TRUE
485113,MADHYA PRADESH,SATNA,TRUE
485114,MADHYA PRADESH,SATNA,TRUE
485115,MADHYA PRADESH,SATNA,TRUE
485221,MADHYA PRADESH,SATNA,TRUE
485226,MADHYA PRADESH,SATNA,TRUE
485227,MADHYA PRADESH,SATNA,TRUE
485331,MADHYA PRADESH,SATNA,TRUE
485334,MADHYA PRADESH,SATNA,TRUE
485441,MADHYA PRADESH,SATNA,TRUE
485446,MADHYA PRADESH,SATNA,TRUE
485447,MADHYA PRADESH,SATNA,TRUE
485551,MADHYA PRADESH,SATNA,TRUE
485661,MADHYA PRADESH,SATNA,TRUE
485666,MADHYA PRADESH,SATNA,TRUE
485771,MADHYA PRADESH,SATNA,TRUE
485772,MADHYA PRADESH,SATNA,TRUE
485773,MADHYA PRADESH,SATNA,TRUE
485774,MADHYA PRADESH,SATNA,TRUE
485775,MADHYA PRADESH,SATNA,TRUE
485778,MADHYA PRADESH,SATNA,TRUE
485881,MADHYA PRADESH,SATNA,TRUE
486001,MADHYA PRADESH,REWA,TRUE
486002,MADHYA PRADESH,REWA,TRUE
486003,MADHYA PRADESH,REWA,TRUE
486005,MADHYA PRADESH,REWA,TRUE
486006,MADHYA PRADESH,REWA,TRUE
486111,MADHYA PRADESH,REWA,TRUE
486114,MADHYA PRADESH,REWA,TRUE
486115,MADHYA PRADESH,REWA,TRUE
486117,MADHYA PRADESH,REWA,TRUE
486123,MADHYA PRADESH,REWA,TRUE
486220,MADHYA PRADESH,REWA,TRUE
486223,MADHYA PRADESH,REWA,TRUE
486226,MADHYA PRADESH,REWA,TRUE
486331,MADHYA PRADESH,REWA,TRUE
486333,MADHYA PRADESH,REWA,TRUE
486335,MADHYA PRADESH,REWA,TRUE
486338,MADHYA PRADESH,REWA,TRUE
486340,MADHYA PRADESH,REWA,TRUE
486341,MADHYA PRADESH,REWA,TRUE
486440,MADHYA PRADESH,REWA,TRUE
486441,MADHYA PRADESH,REWA,TRUE
486445,MADHYA PRADESH,REWA,TRUE
486446,MADHYA PRADESH,REWA,TRUE
486447,MADHYA PRADESH,REWA,TRUE
486448,MADHYA PRADESH,REWA,TRUE
486450,MADHYA PRADESH,REWA,TRUE
486550,MADHYA PRADESH,REWA,TRUE
486553,MADHYA PRADESH,REWA,TRUE
486556,MADHYA PRADESH,REWA,TRUE
486661,MADHYA PRADESH,SIDHI,TRUE
486666,MADHYA PRADESH,SIDHI,TRUE
486669,MADHYA PRADESH,SIDHI,TRUE
486670,MADHYA PRADESH,SIDHI,TRUE
486675,MADHYA PRADESH,SIDHI,TRUE
486771,MADHYA PRADESH,SIDHI,TRUE
486775,MADHYA PRADESH,SIDHI,TRUE
486776,MADHYA PRADESH,SIDHI,TRUE
486881,MADHYA PRADESH,SINGRAULI,TRUE
486882,MADHYA PRADESH,SINGRAULI,TRUE
486883,MADHYA PRADESH,SIDHI,TRUE
486884,MADHYA PRADESH,SINGRAULI,TRUE
486885,MADHYA PRADESH,SINGRAULI,TRUE
486886,MADHYA PRADESH,SINGRAULI,TRUE
486887,MADHYA PRADESH,SINGRAULI,TRUE
486889,MADHYA PRADESH,SINGRAULI,TRUE
486890,MADHYA PRADESH,SINGRAULI,TRUE
486892,MADHYA PRADESH,SINGRAULI,TRUE
487001,MADHYA PRADESH,NARSINGHPUR,TRUE
487110,MADHYA PRADESH,NARSINGHPUR,TRUE
487114,MADHYA PRADESH,NARSINGHPUR,TRUE
487118,MADHYA PRADESH,NARSINGHPUR,TRUE
487221,MADHYA PRADESH,NARSINGHPUR,TRUE
487225,MADHYA PRADESH,NARSINGHPUR,TRUE
487330,MADHYA PRADESH,NARSINGHPUR,TRUE
487334,MADHYA PRADESH,NARSINGHPUR,TRUE
487337,MADHYA PRADESH,NARSINGHPUR,TRUE
487441,MADHYA PRADESH,NARSINGHPUR,TRUE
487551,MADHYA PRADESH,NARSINGHPUR,TRUE
487555,MADHYA PRADESH,NARSINGHPUR,TRUE
487661,MADHYA PRADESH,NARSINGHPUR,TRUE
487770,MADHYA PRADESH,NARSINGHPUR,TRUE
487881,MADHYA PRADESH,NARSINGHPUR,TRUE
488001,MADHYA PRADESH,PANNA,TRUE
488050,MADHYA PRADESH,PANNA,TRUE
488059,MADHYA PRADESH,PANNA,TRUE
488220,MADHYA PRADESH,PANNA,TRUE
488222,MADHYA PRADESH,PANNA,TRUE
488333,MADHYA PRADESH,PANNA,TRUE
488441,MADHYA PRADESH,PANNA,TRUE
488442,MADHYA PRADESH,PANNA,TRUE
488443,MADHYA PRADESH,PANNA,TRUE
488446,MADHYA PRADESH,PANNA,TRUE
488448,MADHYA PRADESH,PANNA,TRUE
400001,MAHARASHTRA,MUMBAI,TRUE
400002,MAHARASHTRA,MUMBAI,TRUE
400003,MAHARASHTRA,MUMBAI,TRUE
400004,MAHARASHTRA,MUMBAI,TRUE
400005,MAHARASHTRA,MUMBAI,TRUE
400006,MAHARASHTRA,MUMBAI,TRUE
400007,MAHARASHTRA,MUMBAI,TRUE
400008,MAHARASHTRA,MUMBAI,TRUE
400009,MAHARASHTRA,MUMBAI,TRUE
400010,MAHARASHTRA,MUMBAI,TRUE
400011,MAHARASHTRA,MUMBAI,TRUE
400012,MAHARASHTRA,MUMBAI,TRUE
400013,MAHARASHTRA,MUMBAI,TRUE
400014,MAHARASHTRA,MUMBAI,TRUE
400015,MAHARASHTRA,MUMBAI,TRUE
400016,MAHARASHTRA,MUMBAI,TRUE
400017,MAHARASHTRA,MUMBAI,TRUE
400018,MAHARASHTRA,MUMBAI,TRUE
400019,MAHARASHTRA,MUMBAI,TRUE
400020,MAHARASHTRA,MUMBAI,TRUE
400021,MAHARASHTRA,MUMBAI,TRUE
400022,MAHARASHTRA,MUMBAI,TRUE
400024,MAHARASHTRA,MUMBAI SUBURBAN,TRUE
400025,MAHARASHTRA,MUMBAI,TRUE
400026,MAHARASHTRA,MUMBAI,TRUE
400027,MAHARASHTRA,MUMBAI,TRUE
400028,MAHARASHTRA,MUMBAI,TRUE
400029,MAHARASHTRA,MUMBAI SUBURBAN,TRUE
400030,MAHARASHTRA,MUMBAI,TRUE
400031,MAHARASHTRA,MUMBAI,TRUE
400032,MAHARASHTRA,MUMBAI,TRUE
400033,MAHARASHTRA,MUMBAI,TRUE
400034,MAHARASHTRA,MUMBAI,TRUE
400035,MAHARASHTRA,MUMBAI,TRUE
400037,MAHARASHTRA,MUMBAI,TRUE
400042,MAHARASHTRA,MUMBAI SUBURBAN,TRUE
400043,MAHARASHTRA,MUMBAI SUBURBAN,TRUE
400049,MAHARASHTRA,MUMBAI SUBURBAN,TRUE
400050,MAHARASHTRA,MUMBAI SUBURBAN,TRUE
400051,MAHARASHTRA,MUMBAI SUBURBAN,TRUE
400052,MAHARASHTRA,MUMBAI SUBURBAN,TRUE
400053,MAHARASHTRA,MUMBAI SUBURBAN,TRUE
400054,MAHARASHTRA,MUMBAI SUBURBAN,TRUE
400055,MAHARASHTRA,MUMBAI SUBURBAN,TRUE
400056,MAHARASHTRA,MUMBAI SUBURBAN,TRUE
400057,MAHARASHTRA,MUMBAI SUBURBAN,TRUE
400058,MAHARASHTRA,MUMBAI SUBURBAN,TRUE
400059,MAHARASHTRA,MUMBAI SUBURBAN,TRUE
400060,MAHARASHTRA,MUMBAI SUBURBAN,TRUE
400061,MAHARASHTRA,MUMBAI SUBURBAN,TRUE
400063,MAHARASHTRA,MUMBAI SUBURBAN,TRUE
400064,MAHARASHTRA,MUMBAI SUBURBAN,TRUE
400065,MAHARASHTRA,MUMBAI SUBURBAN,TRUE
400066,MAHARASHTRA,MUMBAI SUBURBAN,TRUE
400067,MAHARASHTRA,MUMBAI SUBURBAN,TRUE
400068,MAHARASHTRA,MUMBAI SUBURBAN,TRUE
400069,MAHARASHTRA,MUMBAI SUBURBAN,TRUE
400070,MAHARASHTRA,MUMBAI SUBURBAN,TRUE
400071,MAHARASHTRA,MUMBAI SUBURBAN,TRUE
400072,MAHARASHTRA,MUMBAI SUBURBAN,TRUE
400074,MAHARASHTRA,MUMBAI SUBURBAN,TRUE
400075,MAHARASHTRA,MUMBAI SUBURBAN,TRUE
400076,MAHARASHTRA,MUMBAI SUBURBAN,TRUE
400077,MAHARASHTRA,MUMBAI SUBURBAN,TRUE
400078,MAHARASHTRA,MUMBAI SUBURBAN,TRUE
400079,MAHARASHTRA,MUMBAI SUBURBAN,TRUE
400080,MAHARASHTRA,MUMBAI SUBURBAN,TRUE
400081,MAHARASHTRA,MUMBAI SUBURBAN,TRUE
400082,MAHARASHTRA,MUMBAI SUBURBAN,TRUE
400083,MAHARASHTRA,MUMBAI SUBURBAN,TRUE
400084,MAHARASHTRA,MUMBAI SUBURBAN,TRUE
400085,MAHARASHTRA,MUMBAI SUBURBAN,TRUE
400086,MAHARASHTRA,MUMBAI SUBURBAN,TRUE
400087,MAHARASHTRA,MUMBAI SUBURBAN,TRUE
400088,MAHARASHTRA,MUMBAI SUBURBAN,TRUE
400089,MAHARASHTRA,MUMBAI SUBURBAN,TRUE
400091,MAHARASHTRA,MUMBAI SUBURBAN,TRUE
400092,MAHARASHTRA,MUMBAI SUBURBAN,TRUE
400093,MAHARASHTRA,MUMBAI SUBURBAN,TRUE
400094,MAHARASHTRA,MUMBAI SUBURBAN,TRUE
400095,MAHARASHTRA,MUMBAI SUBURBAN,TRUE
400096,MAHARASHTRA,MUMBAI SUBURBAN,TRUE
400097,MAHARASHTRA,MUMBAI SUBURBAN,TRUE
400098,MAHARASHTRA,MUMBAI SUBURBAN,TRUE
400099,MAHARASHTRA,MUMBAI SUBURBAN,TRUE
400101,MAHARASHTRA,MUMBAI SUBURBAN,TRUE
400102,MAHARASHTRA,MUMBAI SUBURBAN,TRUE
400103,MAHARASHTRA,MUMBAI SUBURBAN,TRUE
400104,MAHARASHTRA,MUMBAI SUBURBAN,TRUE
400601,MAHARASHTRA,THANE,TRUE
400602,MAHARASHTRA,THANE,TRUE
400603,MAHARASHTRA,THANE,TRUE
400604,MAHARASHTRA,THANE,TRUE
400605,MAHARASHTRA,THANE,TRUE
400606,MAHARASHTRA,THANE,TRUE
400607,MAHARASHTRA,THANE,TRUE
400608,MAHARASHTRA,THANE,TRUE
400610,MAHARASHTRA,THANE,TRUE
400612,MAHARASHTRA,THANE,TRUE
400614,MAHARASHTRA,THANE,TRUE
400615,MAHARASHTRA,THANE,TRUE
400701,MAHARASHTRA,THANE,TRUE
400702,MAHARASHTRA,RAIGAD,TRUE
400703,MAHARASHTRA,THANE,TRUE
400704,MAHARASHTRA,RAIGAD,TRUE
400705,MAHARASHTRA,THANE,TRUE
400706,MAHARASHTRA,THANE,TRUE
431802,MAHARASHTRA,NANDED,TRUE
431803,MAHARASHTRA,NANDED,TRUE
431804,MAHARASHTRA,NANDED,TRUE
431805,MAHARASHTRA,NANDED,TRUE
431806,MAHARASHTRA,NANDED,TRUE
431807,MAHARASHTRA,NANDED,TRUE
431808,MAHARASHTRA,NANDED,TRUE
431809,MAHARASHTRA,NANDED,TRUE
431810,MAHARASHTRA,NANDED,TRUE
431811,MAHARASHTRA,NANDED,TRUE
440001,MAHARASHTRA,NAGPUR,TRUE
440002,MAHARASHTRA,NAGPUR,TRUE
440003,MAHARASHTRA,NAGPUR,TRUE
440005,MAHARASHTRA,NAGPUR,TRUE
440006,MAHARASHTRA,NAGPUR,TRUE
440007,MAHARASHTRA,NAGPUR,TRUE
440008,MAHARASHTRA,NAGPUR,TRUE
440010,MAHARASHTRA,NAGPUR,TRUE
440012,MAHARASHTRA,NAGPUR,TRUE
440013,MAHARASHTRA,NAGPUR,TRUE
440014,MAHARASHTRA,NAGPUR,TRUE
440015,MAHARASHTRA,NAGPUR,TRUE
440016,MAHARASHTRA,NAGPUR,TRUE
440017,MAHARASHTRA,NAGPUR,TRUE
440018,MAHARASHTRA,NAGPUR,TRUE
440019,MAHARASHTRA,NAGPUR,TRUE
440020,MAHARASHTRA,NAGPUR,TRUE
440021,MAHARASHTRA,NAGPUR,TRUE
440022,MAHARASHTRA,NAGPUR,TRUE
440023,MAHARASHTRA,NAGPUR,TRUE
440024,MAHARASHTRA,NAGPUR,TRUE
440025,MAHARASHTRA,NAGPUR,TRUE
440026,MAHARASHTRA,NAGPUR,TRUE
440027,MAHARASHTRA,NAGPUR,TRUE
440029,MAHARASHTRA,NAGPUR,TRUE
440030,MAHARASHTRA,NAGPUR,TRUE
440032,MAHARASHTRA,NAGPUR,TRUE
440033,MAHARASHTRA,NAGPUR,TRUE
440034,MAHARASHTRA,NAGPUR,TRUE
440035,MAHARASHTRA,NAGPUR,TRUE
440036,MAHARASHTRA,NAGPUR,TRUE
440037,MAHARASHTRA,NAGPUR,TRUE
441001,MAHARASHTRA,NAGPUR,TRUE
441101,MAHARASHTRA,NAGPUR,TRUE
441102,MAHARASHTRA,NAGPUR,TRUE
441103,MAHARASHTRA,NAGPUR,TRUE
441104,MAHARASHTRA,NAGPUR,TRUE
441105,MAHARASHTRA,NAGPUR,TRUE
441106,MAHARASHTRA,NAGPUR,TRUE
441107,MAHARASHTRA,NAGPUR,TRUE
441108,MAHARASHTRA,NAGPUR,TRUE
441109,MAHARASHTRA,NAGPUR,TRUE
441110,MAHARASHTRA,NAGPUR,TRUE
441111,MAHARASHTRA,NAGPUR,TRUE
441112,MAHARASHTRA,NAGPUR,TRUE
441113,MAHARASHTRA,NAGPUR,TRUE
441122,MAHARASHTRA,NAGPUR,TRUE
441123,MAHARASHTRA,NAGPUR,TRUE
441201,MAHARASHTRA,NAGPUR,TRUE
441202,MAHARASHTRA,NAGPUR,TRUE
441203,MAHARASHTRA,NAGPUR,TRUE
441204,MAHARASHTRA,NAGPUR,TRUE
441205,MAHARASHTRA,CHANDRAPUR,TRUE
441206,MAHARASHTRA,CHANDRAPUR,TRUE
441207,MAHARASHTRA,GADCHIROLI,TRUE
441208,MAHARASHTRA,GADCHIROLI,TRUE
441209,MAHARASHTRA,GADCHIROLI,TRUE
441210,MAHARASHTRA,NAGPUR,TRUE
441212,MAHARASHTRA,CHANDRAPUR,TRUE
441214,MAHARASHTRA,NAGPUR,TRUE
441215,MAHARASHTRA,CHANDRAPUR,TRUE
441217,MAHARASHTRA,GADCHIROLI,TRUE
441221,MAHARASHTRA,CHANDRAPUR,TRUE
441222,MAHARASHTRA,CHANDRAPUR,TRUE
441223,MAHARASHTRA,CHANDRAPUR,TRUE
441224,MAHARASHTRA,CHANDRAPUR,TRUE
441225,MAHARASHTRA,CHANDRAPUR,TRUE
441226,MAHARASHTRA,CHANDRAPUR,TRUE
441301,MAHARASHTRA,NAGPUR,TRUE
441302,MAHARASHTRA,NAGPUR,TRUE
441303,MAHARASHTRA,NAGPUR,TRUE
441304,MAHARASHTRA,NAGPUR,TRUE
441305,MAHARASHTRA,NAGPUR,TRUE
441306,MAHARASHTRA,NAGPUR,TRUE
441401,MAHARASHTRA,NAGPUR,TRUE
441404,MAHARASHTRA,NAGPUR,TRUE
441501,MAHARASHTRA,NAGPUR,TRUE
441502,MAHARASHTRA,NAGPUR,TRUE
441601,MAHARASHTRA,GONDIA,TRUE
441614,MAHARASHTRA,GONDIA,TRUE
441701,MAHARASHTRA,GONDIA,TRUE
441702,MAHARASHTRA,GONDIA,TRUE
441801,MAHARASHTRA,GONDIA,TRUE
441802,MAHARASHTRA,BHANDARA,TRUE
441803,MAHARASHTRA,BHANDARA,TRUE
441804,MAHARASHTRA,BHANDARA,TRUE
441805,MAHARASHTRA,BHANDARA,TRUE
441806,MAHARASHTRA,GONDIA,TRUE
441807,MAHARASHTRA,GONDIA,TRUE
441809,MAHARASHTRA,BHANDARA,TRUE
441901,MAHARASHTRA,GONDIA,TRUE
441902,MAHARASHTRA,GONDIA,TRUE
441903,MAHARASHTRA,BHANDARA,TRUE
441904,MAHARASHTRA,BHANDARA,TRUE
441905,MAHARASHTRA,BHANDARA,TRUE
441906,MAHARASHTRA,BHANDARA,TRUE
441907,MAHARASHTRA,BHANDARA,TRUE
441908,MAHARASHTRA,BHANDARA,TRUE
441909,MAHARASHTRA,BHANDARA,TRUE
441910,MAHARASHTRA,BHANDARA,TRUE
441911,MAHARASHTRA,GONDIA,TRUE
441912,MAHARASHTRA,BHANDARA,TRUE
441913,MAHARASHTRA,BHANDARA,TRUE
441914,MAHARASHTRA,BHANDARA,TRUE
441915,MAHARASHTRA,BHANDARA,TRUE
441916,MAHARASHTRA,GONDIA,TRUE
441924,MAHARASHTRA,BHANDARA,TRUE
442001,MAHARASHTRA,WARDHA,TRUE
442003,MAHARASHTRA,WARDHA,TRUE
442101,MAHARASHTRA,WARDHA,TRUE
442102,MAHARASHTRA,WARDHA,TRUE
442104,MAHARASHTRA,WARDHA,TRUE
442105,MAHARASHTRA,WARDHA,TRUE
442106,MAHARASHTRA,WARDHA,TRUE
442107,MAHARASHTRA,WARDHA,TRUE
442111,MAHARASHTRA,WARDHA,TRUE
442201,MAHARASHTRA,WARDHA,TRUE
442202,MAHARASHTRA,WARDHA,TRUE
442203,MAHARASHTRA,WARDHA,TRUE
442301,MAHARASHTRA,WARDHA,TRUE
442302,MAHARASHTRA,WARDHA,TRUE
442303,MAHARASHTRA,WARDHA,TRUE
442304,MAHARASHTRA,WARDHA,TRUE
442305,MAHARASHTRA,WARDHA,TRUE
442306,MAHARASHTRA,WARDHA,TRUE
442307,MAHARASHTRA,WARDHA,TRUE
442401,MAHARASHTRA,CHANDRAPUR,TRUE
442402,MAHARASHTRA,CHANDRAPUR,TRUE
442403,MAHARASHTRA,CHANDRAPUR,TRUE
442404,MAHARASHTRA,CHANDRAPUR,TRUE
442406,MAHARASHTRA,CHANDRAPUR,TRUE
442501,MAHARASHTRA,CHANDRAPUR,TRUE
442502,MAHARASHTRA,CHANDRAPUR,TRUE
442503,MAHARASHTRA,CHANDRAPUR,TRUE
442504,MAHARASHTRA,GADCHIROLI,TRUE
442505,MAHARASHTRA,CHANDRAPUR,TRUE
442507,MAHARASHTRA,CHANDRAPUR,TRUE
442603,MAHARASHTRA,GADCHIROLI,TRUE
442604,MAHARASHTRA,GADCHIROLI,TRUE
442605,MAHARASHTRA,GADCHIROLI,TRUE
442606,MAHARASHTRA,GADCHIROLI,TRUE
442701,MAHARASHTRA,CHANDRAPUR,TRUE
442702,MAHARASHTRA,CHANDRAPUR,TRUE
442703,MAHARASHTRA,GADCHIROLI,TRUE
442704,MAHARASHTRA,GADCHIROLI,TRUE
442705,MAHARASHTRA,GADCHIROLI,TRUE
442707,MAHARASHTRA,GADCHIROLI,TRUE
442709,MAHARASHTRA,GADCHIROLI,TRUE
442710,MAHARASHTRA,GADCHIROLI,TRUE
442901,MAHARASHTRA,CHANDRAPUR,TRUE
442902,MAHARASHTRA,CHANDRAPUR,TRUE
442903,MAHARASHTRA,CHANDRAPUR,TRUE
442904,MAHARASHTRA,CHANDRAPUR,TRUE
442905,MAHARASHTRA,CHANDRAPUR,TRUE
442906,MAHARASHTRA,CHANDRAPUR,TRUE
442907,MAHARASHTRA,CHANDRAPUR,TRUE
442908,MAHARASHTRA,CHANDRAPUR,TRUE
442914,MAHARASHTRA,CHANDRAPUR,TRUE
442916,MAHARASHTRA,CHANDRAPUR,TRUE
442917,MAHARASHTRA,CHANDRAPUR,TRUE
442918,MAHARASHTRA,GADCHIROLI,TRUE
442919,MAHARASHTRA,GADCHIROLI,TRUE
442920,MAHARASHTRA,CHANDRAPUR,TRUE
443001,MAHARASHTRA,BULDHANA,TRUE
443002,MAHARASHTRA,BULDHANA,TRUE
443101,MAHARASHTRA,BULDHANA,TRUE
443102,MAHARASHTRA,BULDHANA,TRUE
443103,MAHARASHTRA,BULDHANA,TRUE
443104,MAHARASHTRA,BULDHANA,TRUE
443106,MAHARASHTRA,BULDHANA,TRUE
443112,MAHARASHTRA,BULDHANA,TRUE
443201,MAHARASHTRA,BULDHANA,TRUE
443202,MAHARASHTRA,BULDHANA,TRUE
443203,MAHARASHTRA,BULDHANA,TRUE
443204,MAHARASHTRA,BULDHANA,TRUE
443206,MAHARASHTRA,BULDHANA,TRUE
443301,MAHARASHTRA,BULDHANA,TRUE
443302,MAHARASHTRA,BULDHANA,TRUE
443303,MAHARASHTRA,BULDHANA,TRUE
443304,MAHARASHTRA,BULDHANA,TRUE
443308,MAHARASHTRA,BULDHANA,TRUE
443401,MAHARASHTRA,BULDHANA,TRUE
443402,MAHARASHTRA,BULDHANA,TRUE
443403,MAHARASHTRA,BULDHANA,TRUE
443404,MAHARASHTRA,BULDHANA,TRUE
444001,MAHARASHTRA,AKOLA,TRUE
444002,MAHARASHTRA,AKOLA,TRUE
444003,MAHARASHTRA,AKOLA,TRUE
444004,MAHARASHTRA,AKOLA,TRUE
444005,MAHARASHTRA,AKOLA,TRUE
444006,MAHARASHTRA,AKOLA,TRUE
444007,MAHARASHTRA,AKOLA,TRUE
444101,MAHARASHTRA,AKOLA,TRUE
444102,MAHARASHTRA,AKOLA,TRUE
444103,MAHARASHTRA,AKOLA,TRUE
444104,MAHARASHTRA,AKOLA,TRUE
444105,MAHARASHTRA,WASHIM,TRUE
444106,MAHARASHTRA,AKOLA,TRUE
444107,MAHARASHTRA,AKOLA,TRUE
444108,MAHARASHTRA,AKOLA,TRUE
444109,MAHARASHTRA,AKOLA,TRUE
444110,MAHARASHTRA,WASHIM,TRUE
444111,MAHARASHTRA,AKOLA,TRUE
444117,MAHARASHTRA,AKOLA,TRUE
444126,MAHARASHTRA,AKOLA,TRUE
444201,MAHARASHTRA,BULDHANA,TRUE
444202,MAHARASHTRA,BULDHANA,TRUE
444203,MAHARASHTRA,BULDHANA,TRUE
444204,MAHARASHTRA,BULDHANA,TRUE
444301,MAHARASHTRA,BULDHANA,TRUE
444302,MAHARASHTRA,AKOLA,TRUE
444303,MAHARASHTRA,BULDHANA,TRUE
444304,MAHARASHTRA,BULDHANA,TRUE
444306,MAHARASHTRA,BULDHANA,TRUE
444311,MAHARASHTRA,AKOLA,TRUE
444312,MAHARASHTRA,BULDHANA,TRUE
444401,MAHARASHTRA,AKOLA,TRUE
444402,MAHARASHTRA,WASHIM,TRUE
444403,MAHARASHTRA,WASHIM,TRUE
444404,MAHARASHTRA,WASHIM,TRUE
444405,MAHARASHTRA,AKOLA,TRUE
444407,MAHARASHTRA,AKOLA,TRUE
444409,MAHARASHTRA,WASHIM,TRUE
444501,MAHARASHTRA,AKOLA,TRUE
444502,MAHARASHTRA,AKOLA,TRUE
444503,MAHARASHTRA,WASHIM,TRUE
444504,MAHARASHTRA,WASHIM,TRUE
444505,MAHARASHTRA,WASHIM,TRUE
444506,MAHARASHTRA,WASHIM,TRUE
444507,MAHARASHTRA,WASHIM,TRUE
444510,MAHARASHTRA,WASHIM,TRUE
444511,MAHARASHTRA,AKOLA,TRUE
444601,MAHARASHTRA,AMRAVATI,TRUE
444602,MAHARASHTRA,AMRAVATI,TRUE
444603,MAHARASHTRA,AMRAVATI,TRUE
444604,MAHARASHTRA,AMRAVATI,TRUE
444605,MAHARASHTRA,AMRAVATI,TRUE
444606,MAHARASHTRA,AMRAVATI,TRUE
444607,MAHARASHTRA,AMRAVATI,TRUE
444701,MAHARASHTRA,AMRAVATI,TRUE
444702,MAHARASHTRA,AMRAVATI,TRUE
444704,MAHARASHTRA,AMRAVATI,TRUE
444705,MAHARASHTRA,AMRAVATI,TRUE
444706,MAHARASHTRA,AMRAVATI,TRUE
444707,MAHARASHTRA,AMRAVATI,TRUE
444708,MAHARASHTRA,AMRAVATI,TRUE
444709,MAHARASHTRA,AMRAVATI,TRUE
444710,MAHARASHTRA,AMRAVATI,TRUE
444711,MAHARASHTRA,AMRAVATI,TRUE
444717,MAHARASHTRA,AMRAVATI,TRUE
444719,MAHARASHTRA,AMRAVATI,TRUE
444720,MAHARASHTRA,AMRAVATI,TRUE
444723,MAHARASHTRA,AMRAVATI,TRUE
444801,MAHARASHTRA,AMRAVATI,TRUE
444802,MAHARASHTRA,AMRAVATI,TRUE
444803,MAHARASHTRA,AMRAVATI,TRUE
444804,MAHARASHTRA,AMRAVATI,TRUE
444805,MAHARASHTRA,AMRAVATI,TRUE
444806,MAHARASHTRA,AMRAVATI,TRUE
444807,MAHARASHTRA,AMRAVATI,TRUE
444808,MAHARASHTRA,AMRAVATI,TRUE
444809,MAHARASHTRA,AMRAVATI,TRUE
444810,MAHARASHTRA,AMRAVATI,TRUE
444813,MAHARASHTRA,AMRAVATI,TRUE
444901,MAHARASHTRA,AMRAVATI,TRUE
444902,MAHARASHTRA,AMRAVATI,TRUE
444903,MAHARASHTRA,AMRAVATI,TRUE
444904,MAHARASHTRA,AMRAVATI,TRUE
444905,MAHARASHTRA,AMRAVATI,TRUE
444906,MAHARASHTRA,AMRAVATI,TRUE
444907,MAHARASHTRA,AMRAVATI,TRUE
444908,MAHARASHTRA,AMRAVATI,TRUE
444915,MAHARASHTRA,AMRAVATI,TRUE
445001,MAHARASHTRA,YAVATMAL,TRUE
445002,MAHARASHTRA,YAVATMAL,TRUE
445101,MAHARASHTRA,YAVATMAL,TRUE
445102,MAHARASHTRA,YAVATMAL,TRUE
445103,MAHARASHTRA,YAVATMAL,TRUE
445105,MAHARASHTRA,YAVATMAL,TRUE
445106,MAHARASHTRA,YAVATMAL,TRUE
445109,MAHARASHTRA,YAVATMAL,TRUE
445110,MAHARASHTRA,YAVATMAL,TRUE
445201,MAHARASHTRA,YAVATMAL,TRUE
445202,MAHARASHTRA,YAVATMAL,TRUE
445203,MAHARASHTRA,YAVATMAL,TRUE
445204,MAHARASHTRA,YAVATMAL,TRUE
445205,MAHARASHTRA,YAVATMAL,TRUE
445206,MAHARASHTRA,YAVATMAL,TRUE
445207,MAHARASHTRA,YAVATMAL,TRUE
445209,MAHARASHTRA,YAVATMAL,TRUE
445210,MAHARASHTRA,YAVATMAL,TRUE
445211,MAHARASHTRA,YAVATMAL,TRUE
445215,MAHARASHTRA,YAVATMAL,TRUE
445216,MAHARASHTRA,YAVATMAL,TRUE
445230,MAHARASHTRA,YAVATMAL,TRUE
445301,MAHARASHTRA,YAVATMAL,TRUE
445302,MAHARASHTRA,YAVATMAL,TRUE
445303,MAHARASHTRA,YAVATMAL,TRUE
445304,MAHARASHTRA,YAVATMAL,TRUE
445305,MAHARASHTRA,YAVATMAL,TRUE
445306,MAHARASHTRA,YAVATMAL,TRUE
445307,MAHARASHTRA,YAVATMAL,TRUE
445308,MAHARASHTRA,YAVATMAL,TRUE
445323,MAHARASHTRA,YAVATMAL,TRUE
445324,MAHARASHTRA,YAVATMAL,TRUE
445401,MAHARASHTRA,YAVATMAL,TRUE
445402,MAHARASHTRA,YAVATMAL,TRUE
795001,MANIPUR,IMPHAL WEST,TRUE
795002,MANIPUR,IMPHAL WEST,TRUE
795003,MANIPUR,IMPHAL WEST,TRUE
795004,MANIPUR,IMPHAL WEST,TRUE
795005,MANIPUR,IMPHAL EAST,TRUE
795006,MANIPUR,PHERZAWL,TRUE
795007,MANIPUR,SENAPATI,TRUE
795008,MANIPUR,IMPHAL EAST,TRUE
795009,MANIPUR,IMPHAL WEST,TRUE
795010,MANIPUR,IMPHAL EAST,TRUE
795011,MANIPUR,BISHNUPUR,TRUE
795015,MANIPUR,SENAPATI,TRUE
795101,MANIPUR,CHANDEL,TRUE
795102,MANIPUR,CHANDEL,TRUE
795103,MANIPUR,KAKCHING,TRUE
795104,MANIPUR,SENAPATI,TRUE
795105,MANIPUR,SENAPATI,TRUE
795106,MANIPUR,KANGPOKPI,TRUE
795107,MANIPUR,KANGPOKPI,TRUE
795112,MANIPUR,KANGPOKPI,TRUE
795113,MANIPUR,IMPHAL WEST,TRUE
795114,MANIPUR,IMPHAL EAST,TRUE
795115,MANIPUR,JIRIBAM,TRUE
795133,MANIPUR,BISHNUPUR,TRUE
795134,MANIPUR,IMPHAL WEST,TRUE
795135,MANIPUR,CHANDEL,TRUE
795136,MANIPUR,KANGPOKPI,TRUE
795138,MANIPUR,THOUBAL,TRUE
795139,MANIPUR,CHURACHANDPUR,TRUE
795140,MANIPUR,IMPHAL WEST,TRUE
795141,MANIPUR,TAMENGLONG,TRUE
795142,MANIPUR,UKHRUL,TRUE
795143,MANIPUR,PHERZAWL,TRUE
795144,MANIPUR,UKHRUL,TRUE
795145,MANIPUR,IMPHAL EAST,TRUE
795146,MANIPUR,TAMENGLONG,TRUE
795147,MANIPUR,NONEY,TRUE
795148,MANIPUR,THOUBAL,TRUE
795149,MANIPUR,KANGPOKPI,TRUE
795150,MANIPUR,SENAPATI,TRUE
795159,MANIPUR,NONEY,TRUE
781029,MEGHALAYA,RI BHOI,TRUE
781131,MEGHALAYA,RI BHOI,TRUE
782410,MEGHALAYA,RI BHOI,TRUE
793001,MEGHALAYA,EAST KHASI HILLS,TRUE
793002,MEGHALAYA,EAST KHASI HILLS,TRUE
793003,MEGHALAYA,EAST KHASI HILLS,TRUE
793004,MEGHALAYA,EAST KHASI HILLS,TRUE
793005,MEGHALAYA,EAST KHASI HILLS,TRUE
793006,MEGHALAYA,EAST KHASI HILLS,TRUE
793007,MEGHALAYA,EAST KHASI HILLS,TRUE
793008,MEGHALAYA,EAST KHASI HILLS,TRUE
793009,MEGHALAYA,EAST KHASI HILLS,TRUE
793010,MEGHALAYA,EAST KHASI HILLS,TRUE
793011,MEGHALAYA,EAST KHASI HILLS,TRUE
793012,MEGHALAYA,EAST KHASI HILLS,TRUE
793014,MEGHALAYA,EAST KHASI HILLS,TRUE
793015,MEGHALAYA,EAST KHASI HILLS,TRUE
793016,MEGHALAYA,EAST KHASI HILLS,TRUE
793017,MEGHALAYA,EAST KHASI HILLS,TRUE
793018,MEGHALAYA,EAST KHASI HILLS,TRUE
793019,MEGHALAYA,EAST KHASI HILLS,TRUE
793021,MEGHALAYA,EAST KHASI HILLS,TRUE
793022,MEGHALAYA,EAST KHASI HILLS,TRUE
793101,MEGHALAYA,RI BHOI,TRUE
793102,MEGHALAYA,RI BHOI,TRUE
793103,MEGHALAYA,RI BHOI,TRUE
793104,MEGHALAYA,RI BHOI,TRUE
793105,MEGHALAYA,RI BHOI,TRUE
793106,MEGHALAYA,SOUTH WEST KHASI HILLS,TRUE
793107,MEGHALAYA,EAST KHASI HILLS,TRUE
793108,MEGHALAYA,EAST KHASI HILLS,TRUE
793109,MEGHALAYA,WEST JAINTIA HILLS,TRUE
793110,MEGHALAYA,EAST KHASI HILLS,TRUE
793111,MEGHALAYA,EAST KHASI HILLS,TRUE
793112,MEGHALAYA,EAST KHASI HILLS,TRUE
793113,MEGHALAYA,EAST KHASI HILLS,TRUE
793114,MEGHALAYA,SOUTH WEST KHASI HILLS,TRUE
793115,MEGHALAYA,EAST KHASI HILLS,TRUE
793116,MEGHALAYA,RI BHOI,TRUE
793119,MEGHALAYA,WEST KHASI HILLS,TRUE
793120,MEGHALAYA,WEST KHASI HILLS,TRUE
793121,MEGHALAYA,EAST KHASI HILLS,TRUE
793122,MEGHALAYA,RI BHOI,TRUE
793123,MEGHALAYA,RI BHOI,TRUE
793126,MEGHALAYA,WEST KHASI HILLS,TRUE
793150,MEGHALAYA,WEST JAINTIA HILLS,TRUE
793151,MEGHALAYA,WEST JAINTIA HILLS,TRUE
793160,MEGHALAYA,EAST JAINTIA HILLS,TRUE
793161,MEGHALAYA,WEST JAINTIA HILLS,TRUE
793200,MEGHALAYA,EAST JAINTIA HILLS,TRUE
793210,MEGHALAYA,EAST JAINTIA HILLS,TRUE
794001,MEGHALAYA,WEST GARO HILLS,TRUE
794002,MEGHALAYA,WEST GARO HILLS,TRUE
794003,MEGHALAYA,WEST GARO HILLS,TRUE
794004,MEGHALAYA,WEST GARO HILLS,TRUE
794005,MEGHALAYA,WEST GARO HILLS,TRUE
794101,MEGHALAYA,WEST GARO HILLS,TRUE
794102,MEGHALAYA,SOUTH GARO HILLS,TRUE
794103,MEGHALAYA,WEST GARO HILLS,TRUE
794104,MEGHALAYA,WEST GARO HILLS,TRUE
794105,MEGHALAYA,WEST GARO HILLS,TRUE
794106,MEGHALAYA,SOUTH WEST GARO HILLS,TRUE
794107,MEGHALAYA,SOUTH GARO HILLS,TRUE
794108,MEGHALAYA,NORTH GARO HILLS,TRUE
794109,MEGHALAYA,WEST GARO HILLS,TRUE
794110,MEGHALAYA,EAST GARO HILLS,TRUE
794111,MEGHALAYA,EAST GARO HILLS,TRUE
794112,MEGHALAYA,WEST GARO HILLS,TRUE
794113,MEGHALAYA,EAST GARO HILLS,TRUE
794114,MEGHALAYA,SOUTH GARO HILLS,TRUE
794115,MEGHALAYA,EAST GARO HILLS,TRUE
791701,MIZORAM,AIZAWL,TRUE
796001,MIZORAM,AIZAWL,TRUE
796004,MIZORAM,AIZAWL,TRUE
796005,MIZORAM,AIZAWL,TRUE
796006,MIZORAM,AIZAWL,TRUE
796007,MIZORAM,AIZAWL,TRUE
796008,MIZORAM,AIZAWL,TRUE
796009,MIZORAM,AIZAWL,TRUE
796012,MIZORAM,AIZAWL,TRUE
796014,MIZORAM,AIZAWL,TRUE
796015,MIZORAM,AIZAWL,TRUE
796017,MIZORAM,AIZAWL,TRUE
796070,MIZORAM,KOLASIB,TRUE
796081,MIZORAM,KOLASIB,TRUE
796091,MIZORAM,KOLASIB,TRUE
796101,MIZORAM,KOLASIB,TRUE
796111,MIZORAM,AIZAWL,TRUE
796161,MIZORAM,SERCHHIP,TRUE
796181,MIZORAM,SERCHHIP,TRUE
796184,MIZORAM,SERCHHIP,TRUE
796186,MIZORAM,SERCHHIP,TRUE
796190,MIZORAM,AIZAWL,TRUE
796246,MIZORAM,AIZAWL,TRUE
796261,MIZORAM,SAITUAL,TRUE
796290,MIZORAM,SAITUAL,TRUE
796291,MIZORAM,SAITUAL,TRUE
796310,MIZORAM,KHAWZAWL,TRUE
796320,MIZORAM,CHAMPHAI,TRUE
796321,MIZORAM,CHAMPHAI,TRUE
796370,MIZORAM,SERCHHIP,TRUE
796410,MIZORAM,MAMIT,TRUE
796421,MIZORAM,AIZAWL,TRUE
796431,MIZORAM,MAMIT,TRUE
796441,MIZORAM,AIZAWL,TRUE
796470,MIZORAM,AIZAWL,TRUE
796501,MIZORAM,MAMIT,TRUE
796571,MIZORAM,Hnahthial,TRUE
796691,MIZORAM,LUNGLEI,TRUE
796701,MIZORAM,AIZAWL,TRUE
796710,MIZORAM,LUNGLEI,TRUE
796751,MIZORAM,LUNGLEI,TRUE
796770,MIZORAM,AIZAWL,TRUE
796891,MIZORAM,LAWNGTLAI,TRUE
796901,MIZORAM,LAWNGTLAI,TRUE
797001,NAGALAND,KOHIMA,TRUE
797002,NAGALAND,PEREN,TRUE
797003,NAGALAND,KOHIMA,TRUE
797004,NAGALAND,KOHIMA,TRUE
797006,NAGALAND,KOHIMA,TRUE
797099,NAGALAND,WOKHA,TRUE
797101,NAGALAND,PEREN,TRUE
797103,NAGALAND,PEREN,TRUE
797104,NAGALAND,PHEK,TRUE
797105,NAGALAND,KOHIMA,TRUE
797106,NAGALAND,DIMAPUR,TRUE
797107,NAGALAND,PHEK,TRUE
797108,NAGALAND,PHEK,TRUE
797109,NAGALAND,KOHIMA,TRUE
797110,NAGALAND,PEREN,TRUE
797111,NAGALAND,WOKHA,TRUE
797112,NAGALAND,DIMAPUR,TRUE
797113,NAGALAND,DIMAPUR,TRUE
797114,NAGALAND,PHEK,TRUE
797115,NAGALAND,DIMAPUR,TRUE
797116,NAGALAND,DIMAPUR,TRUE
797117,NAGALAND,DIMAPUR,TRUE
797118,NAGALAND,DIMAPUR,TRUE
797120,NAGALAND,KOHIMA,TRUE
797121,NAGALAND,KOHIMA,TRUE
798601,NAGALAND,TUENSANG,TRUE
798602,NAGALAND,MON,TRUE
798603,NAGALAND,MON,TRUE
798604,NAGALAND,MOKOKCHUNG,TRUE
798607,NAGALAND,MOKOKCHUNG,TRUE
798611,NAGALAND,KIPHIRE,TRUE
798612,NAGALAND,TUENSANG,TRUE
798613,NAGALAND,MOKOKCHUNG,TRUE
798614,NAGALAND,MOKOKCHUNG,TRUE
798615,NAGALAND,MOKOKCHUNG,TRUE
798616,NAGALAND,TUENSANG,TRUE
798617,NAGALAND,KOHIMA,TRUE
798618,NAGALAND,MOKOKCHUNG,TRUE
798620,NAGALAND,ZUNHEBOTO,TRUE
798621,NAGALAND,MON,TRUE
798622,NAGALAND,MON,TRUE
798623,NAGALAND,MOKOKCHUNG,TRUE
798625,NAGALAND,LONGLENG,TRUE
798626,NAGALAND,KOHIMA,TRUE
798627,NAGALAND,ZUNHEBOTO,TRUE
798628,NAGALAND,KOHIMA,TRUE
751001,ODISHA,KHORDHA,TRUE
751002,ODISHA,KHORDHA,TRUE
751003,ODISHA,KHORDHA,TRUE
751004,ODISHA,KHORDHA,TRUE
751005,ODISHA,KHORDHA,TRUE
751006,ODISHA,KHORDHA,TRUE
751007,ODISHA,KHORDHA,TRUE
751008,ODISHA,KHORDHA,TRUE
751009,ODISHA,KHORDHA,TRUE
751010,ODISHA,KHORDHA,TRUE
751011,ODISHA,KHORDHA,TRUE
751012,ODISHA,KHORDHA,TRUE
751013,ODISHA,KHORDHA,TRUE
751014,ODISHA,KHORDHA,TRUE
751015,ODISHA,KHORDHA,TRUE
751016,ODISHA,KHORDHA,TRUE
751017,ODISHA,KHORDHA,TRUE
751018,ODISHA,KHORDHA,TRUE
751019,ODISHA,KHORDHA,TRUE
751020,ODISHA,KHORDHA,TRUE
751021,ODISHA,KHORDHA,TRUE
751022,ODISHA,KHORDHA,TRUE
751023,ODISHA,KHORDHA,TRUE
751024,ODISHA,KHORDHA,TRUE
751025,ODISHA,KHORDHA,TRUE
751026,ODISHA,KHORDHA,TRUE
751028,ODISHA,KHORDHA,TRUE
751029,ODISHA,KHORDHA,TRUE
751030,ODISHA,KHORDHA,TRUE
760003,ODISHA,GANJAM,TRUE
760004,ODISHA,GANJAM,TRUE
760005,ODISHA,GANJAM,TRUE
760006,ODISHA,GANJAM,TRUE
760007,ODISHA,GANJAM,TRUE
760008,ODISHA,GANJAM,TRUE
760009,ODISHA,GANJAM,TRUE
760010,ODISHA,GANJAM,TRUE
760011,ODISHA,GANJAM,TRUE
761001,ODISHA,GANJAM,TRUE
761002,ODISHA,GANJAM,TRUE
761003,ODISHA,GANJAM,TRUE
761004,ODISHA,GANJAM,TRUE
761005,ODISHA,GANJAM,TRUE
761006,ODISHA,GANJAM,TRUE
761007,ODISHA,GANJAM,TRUE
761008,ODISHA,GANJAM,TRUE
761009,ODISHA,GANJAM,TRUE
761010,ODISHA,GANJAM,TRUE
761011,ODISHA,GANJAM,TRUE
761012,ODISHA,GANJAM,TRUE
761013,ODISHA,GANJAM,TRUE
761014,ODISHA,GANJAM,TRUE
761015,ODISHA,GAJAPATI,TRUE
761016,ODISHA,GAJAPATI,TRUE
761017,ODISHA,GAJAPATI,TRUE
761018,ODISHA,GANJAM,TRUE
761019,ODISHA,GANJAM,TRUE
761020,ODISHA,GANJAM,TRUE
761025,ODISHA,GANJAM,TRUE
761026,ODISHA,GANJAM,TRUE
761027,ODISHA,GANJAM,TRUE
761028,ODISHA,GANJAM,TRUE
761029,ODISHA,GANJAM,TRUE
761030,ODISHA,GANJAM,TRUE
761031,ODISHA,GANJAM,TRUE
761032,ODISHA,GANJAM,TRUE
761035,ODISHA,GANJAM,TRUE
761037,ODISHA,GANJAM,TRUE
761041,ODISHA,GANJAM,TRUE
761042,ODISHA,GANJAM,TRUE
761043,ODISHA,GANJAM,TRUE
761045,ODISHA,GANJAM,TRUE
761052,ODISHA,GANJAM,TRUE
761054,ODISHA,GANJAM,TRUE
761055,ODISHA,GANJAM,TRUE
761100,ODISHA,GANJAM,TRUE
761101,ODISHA,GANJAM,TRUE
761102,ODISHA,GANJAM,TRUE
761103,ODISHA,GANJAM,TRUE
761104,ODISHA,GANJAM,TRUE
761105,ODISHA,GANJAM,TRUE
761106,ODISHA,GANJAM,TRUE
761107,ODISHA,GANJAM,TRUE
761108,ODISHA,GANJAM,TRUE
761109,ODISHA,GANJAM,TRUE
761110,ODISHA,GANJAM,TRUE
761111,ODISHA,GANJAM,TRUE
761114,ODISHA,GANJAM,TRUE
761115,ODISHA,GANJAM,TRUE
761116,ODISHA,GANJAM,TRUE
761117,ODISHA,GANJAM,TRUE
761118,ODISHA,GANJAM,TRUE
761119,ODISHA,GANJAM,TRUE
761120,ODISHA,GANJAM,TRUE
761121,ODISHA,GANJAM,TRUE
761122,ODISHA,GANJAM,TRUE
761123,ODISHA,GANJAM,TRUE
761124,ODISHA,GANJAM,TRUE
761125,ODISHA,GANJAM,TRUE
761126,ODISHA,GANJAM,TRUE
761131,ODISHA,GANJAM,TRUE
761132,ODISHA,GANJAM,TRUE
761133,ODISHA,GANJAM,TRUE
761140,ODISHA,GANJAM,TRUE
761141,ODISHA,GANJAM,TRUE
761143,ODISHA,GANJAM,TRUE
761144,ODISHA,GANJAM,TRUE
761146,ODISHA,GANJAM,TRUE
761151,ODISHA,GANJAM,TRUE
761200,ODISHA,GAJAPATI,TRUE
761201,ODISHA,GAJAPATI,TRUE
761206,ODISHA,GAJAPATI,TRUE
761207,ODISHA,GAJAPATI,TRUE
761208,ODISHA,GAJAPATI,TRUE
761209,ODISHA,GANJAM,TRUE
761210,ODISHA,GAJAPATI,TRUE
761211,ODISHA,GAJAPATI,TRUE
761212,ODISHA,GAJAPATI,TRUE
761213,ODISHA,GAJAPATI,TRUE
761214,ODISHA,GAJAPATI,TRUE
761215,ODISHA,GAJAPATI,TRUE
761217,ODISHA,GAJAPATI,TRUE
762001,ODISHA,KANDHAMAL,TRUE
762002,ODISHA,KANDHAMAL,TRUE
762010,ODISHA,KANDHAMAL,TRUE
762011,ODISHA,KANDHAMAL,TRUE
762012,ODISHA,KANDHAMAL,TRUE
762013,ODISHA,BOUDH,TRUE
762014,ODISHA,BOUDH,TRUE
762015,ODISHA,BOUDH,TRUE
762016,ODISHA,BOUDH,TRUE
762017,ODISHA,BOUDH,TRUE
762018,ODISHA,BOUDH,TRUE
762019,ODISHA,KANDHAMAL,TRUE
762020,ODISHA,BOUDH,TRUE
762021,ODISHA,KANDHAMAL,TRUE
762022,ODISHA,KANDHAMAL,TRUE
762023,ODISHA,BOUDH,TRUE
762024,ODISHA,BOUDH,TRUE
762026,ODISHA,BOUDH,TRUE
762027,ODISHA,KANDHAMAL,TRUE
762028,ODISHA,KANDHAMAL,TRUE
762029,ODISHA,KANDHAMAL,TRUE
762030,ODISHA,BOUDH,TRUE
762100,ODISHA,KANDHAMAL,TRUE
762101,ODISHA,KANDHAMAL,TRUE
762102,ODISHA,KANDHAMAL,TRUE
762103,ODISHA,KANDHAMAL,TRUE
762104,ODISHA,KANDHAMAL,TRUE
762105,ODISHA,KANDHAMAL,TRUE
762106,ODISHA,KANDHAMAL,TRUE
762107,ODISHA,KANDHAMAL,TRUE
762109,ODISHA,KANDHAMAL,TRUE
762110,ODISHA,KANDHAMAL,TRUE
762112,ODISHA,KANDHAMAL,TRUE
763001,ODISHA,KORAPUT,TRUE
763002,ODISHA,KORAPUT,TRUE
763003,ODISHA,KORAPUT,TRUE
763004,ODISHA,KORAPUT,TRUE
763008,ODISHA,KORAPUT,TRUE
764001,ODISHA,KORAPUT,TRUE
764002,ODISHA,KORAPUT,TRUE
764003,ODISHA,KORAPUT,TRUE
764004,ODISHA,KORAPUT,TRUE
764005,ODISHA,KORAPUT,TRUE
764006,ODISHA,KORAPUT,TRUE
764011,ODISHA,KORAPUT,TRUE
764014,ODISHA,KORAPUT,TRUE
764020,ODISHA,KORAPUT,TRUE
764021,ODISHA,KORAPUT,TRUE
764027,ODISHA,KORAPUT,TRUE
764028,ODISHA,KORAPUT,TRUE
764036,ODISHA,KORAPUT,TRUE
764037,ODISHA,KORAPUT,TRUE
764038,ODISHA,KORAPUT,TRUE
764039,ODISHA,KORAPUT,TRUE
764040,ODISHA,KORAPUT,TRUE
764041,ODISHA,KORAPUT,TRUE
764042,ODISHA,KORAPUT,TRUE
764043,ODISHA,KORAPUT,TRUE
764044,ODISHA,MALKANGIRI,TRUE
764045,ODISHA,MALKANGIRI,TRUE
764046,ODISHA,MALKANGIRI,TRUE
764047,ODISHA,MALKANGIRI,TRUE
764048,ODISHA,MALKANGIRI,TRUE
764049,ODISHA,NABARANGPUR,TRUE
764051,ODISHA,MALKANGIRI,TRUE
764052,ODISHA,MALKANGIRI,TRUE
764055,ODISHA,KORAPUT,TRUE
764056,ODISHA,KORAPUT,TRUE
764057,ODISHA,KORAPUT,TRUE
764058,ODISHA,KORAPUT,TRUE
764059,ODISHA,NABARANGPUR,TRUE
764061,ODISHA,NABARANGPUR,TRUE
764062,ODISHA,RAYAGADA,TRUE
764063,ODISHA,NABARANGPUR,TRUE
764070,ODISHA,NABARANGPUR,TRUE
764071,ODISHA,NABARANGPUR,TRUE
764072,ODISHA,NABARANGPUR,TRUE
764073,ODISHA,NABARANGPUR,TRUE
764074,ODISHA,NABARANGPUR,TRUE
764075,ODISHA,NABARANGPUR,TRUE
764076,ODISHA,NABARANGPUR,TRUE
764077,ODISHA,NABARANGPUR,TRUE
764078,ODISHA,NABARANGPUR,TRUE
764081,ODISHA,KORAPUT,TRUE
764085,ODISHA,NABARANGPUR,TRUE
764086,ODISHA,MALKANGIRI,TRUE
764087,ODISHA,MALKANGIRI,TRUE
764088,ODISHA,NABARANGPUR,TRUE
765001,ODISHA,RAYAGADA,TRUE
765002,ODISHA,RAYAGADA,TRUE
765010,ODISHA,RAYAGADA,TRUE
765011,ODISHA,RAYAGADA,TRUE
765013,ODISHA,KORAPUT,TRUE
765015,ODISHA,RAYAGADA,TRUE
765016,ODISHA,RAYAGADA,TRUE
765017,ODISHA,RAYAGADA,TRUE
765018,ODISHA,RAYAGADA,TRUE
765019,ODISHA,RAYAGADA,TRUE
765020,ODISHA,RAYAGADA,TRUE
765021,ODISHA,RAYAGADA,TRUE
765022,ODISHA,RAYAGADA,TRUE
765023,ODISHA,RAYAGADA,TRUE
765024,ODISHA,RAYAGADA,TRUE
765025,ODISHA,RAYAGADA,TRUE
765026,ODISHA,RAYAGADA,TRUE
765029,ODISHA,RAYAGADA,TRUE
765033,ODISHA,RAYAGADA,TRUE
765034,ODISHA,RAYAGADA,TRUE
766001,ODISHA,KALAHANDI,TRUE
766002,ODISHA,KALAHANDI,TRUE
766003,ODISHA,KALAHANDI,TRUE
766011,ODISHA,KALAHANDI,TRUE
766012,ODISHA,KALAHANDI,TRUE
766013,ODISHA,KALAHANDI,TRUE
766014,ODISHA,KALAHANDI,TRUE
766015,ODISHA,KALAHANDI,TRUE
766016,ODISHA,KALAHANDI,TRUE
766017,ODISHA,KALAHANDI,TRUE
766018,ODISHA,KALAHANDI,TRUE
766019,ODISHA,KALAHANDI,TRUE
766020,ODISHA,KALAHANDI,TRUE
766023,ODISHA,KALAHANDI,TRUE
766026,ODISHA,KALAHANDI,TRUE
766027,ODISHA,KALAHANDI,TRUE
766028,ODISHA,KALAHANDI,TRUE
766029,ODISHA,KALAHANDI,TRUE
766031,ODISHA,KALAHANDI,TRUE
766032,ODISHA,KALAHANDI,TRUE
766036,ODISHA,KALAHANDI,TRUE
766037,ODISHA,KALAHANDI,TRUE
766100,ODISHA,KALAHANDI,TRUE
766101,ODISHA,KALAHANDI,TRUE
766102,ODISHA,KALAHANDI,TRUE
766103,ODISHA,KALAHANDI,TRUE
766104,ODISHA,NUAPADA,TRUE
766105,ODISHA,NUAPADA,TRUE
766106,ODISHA,NUAPADA,TRUE
766107,ODISHA,NUAPADA,TRUE
766108,ODISHA,NUAPADA,TRUE
766110,ODISHA,KALAHANDI,TRUE
766111,ODISHA,NUAPADA,TRUE
766118,ODISHA,NUAPADA,TRUE
767001,ODISHA,BALANGIR,TRUE
767002,ODISHA,BALANGIR,TRUE
767016,ODISHA,SONEPUR,TRUE
767017,ODISHA,SONEPUR,TRUE
767018,ODISHA,SONEPUR,TRUE
767019,ODISHA,SONEPUR,TRUE
767020,ODISHA,BALANGIR,TRUE
767021,ODISHA,BALANGIR,TRUE
767022,ODISHA,BALANGIR,TRUE
767023,ODISHA,SONEPUR,TRUE
767024,ODISHA,BALANGIR,TRUE
767025,ODISHA,BALANGIR,TRUE
767026,ODISHA,BALANGIR,TRUE
767027,ODISHA,BALANGIR,TRUE
767028,ODISHA,BALANGIR,TRUE
767029,ODISHA,BALANGIR,TRUE
767030,ODISHA,BALANGIR,TRUE
767032,ODISHA,BALANGIR,TRUE
767033,ODISHA,BALANGIR,TRUE
767035,ODISHA,BALANGIR,TRUE
767037,ODISHA,BALANGIR,TRUE
767038,ODISHA,BALANGIR,TRUE
767039,ODISHA,BALANGIR,TRUE
767040,ODISHA,BALANGIR,TRUE
767041,ODISHA,BALANGIR,TRUE
767042,ODISHA,BALANGIR,TRUE
767045,ODISHA,SONEPUR,TRUE
767046,ODISHA,BALANGIR,TRUE
767048,ODISHA,BALANGIR,TRUE
767060,ODISHA,BALANGIR,TRUE
767061,ODISHA,BALANGIR,TRUE
767062,ODISHA,SONEPUR,TRUE
767065,ODISHA,BALANGIR,TRUE
767066,ODISHA,BALANGIR,TRUE
767067,ODISHA,BALANGIR,TRUE
767068,ODISHA,SONEPUR,TRUE
767070,ODISHA,BALANGIR,TRUE
767071,ODISHA,BALANGIR,TRUE
768001,ODISHA,SAMBALPUR,TRUE
768002,ODISHA,SAMBALPUR,TRUE
768003,ODISHA,SAMBALPUR,TRUE
768004,ODISHA,SAMBALPUR,TRUE
768005,ODISHA,SAMBALPUR,TRUE
768006,ODISHA,SAMBALPUR,TRUE
768007,ODISHA,SAMBALPUR,TRUE
768016,ODISHA,SAMBALPUR,TRUE
768017,ODISHA,SAMBALPUR,TRUE
768018,ODISHA,SAMBALPUR,TRUE
768019,ODISHA,SAMBALPUR,TRUE
768020,ODISHA,SAMBALPUR,TRUE
768024,ODISHA,SAMBALPUR,TRUE
768025,ODISHA,SAMBALPUR,TRUE
768027,ODISHA,BARGARH,TRUE
768028,ODISHA,BARGARH,TRUE
768029,ODISHA,BARGARH,TRUE
768030,ODISHA,BARGARH,TRUE
768031,ODISHA,BARGARH,TRUE
768032,ODISHA,BARGARH,TRUE
768033,ODISHA,BARGARH,TRUE
768034,ODISHA,BARGARH,TRUE
768035,ODISHA,BARGARH,TRUE
768036,ODISHA,BARGARH,TRUE
768037,ODISHA,BARGARH,TRUE
768038,ODISHA,BARGARH,TRUE
768039,ODISHA,BARGARH,TRUE
768040,ODISHA,BARGARH,TRUE
768042,ODISHA,BARGARH,TRUE
768045,ODISHA,BARGARH,TRUE
768048,ODISHA,BARGARH,TRUE
768049,ODISHA,BARGARH,TRUE
768050,ODISHA,BARGARH,TRUE
768052,ODISHA,BARGARH,TRUE
768053,ODISHA,BARGARH,TRUE
768102,ODISHA,BARGARH,TRUE
768103,ODISHA,BARGARH,TRUE
768104,ODISHA,BARGARH,TRUE
768105,ODISHA,SAMBALPUR,TRUE
768106,ODISHA,SAMBALPUR,TRUE
768107,ODISHA,SAMBALPUR,TRUE
768108,ODISHA,DEOGARH,TRUE
768109,ODISHA,DEOGARH,TRUE
768110,ODISHA,DEOGARH,TRUE
768111,ODISHA,BARGARH,TRUE
768112,ODISHA,SAMBALPUR,TRUE
768113,ODISHA,SAMBALPUR,TRUE
768115,ODISHA,BARGARH,TRUE
768118,ODISHA,SAMBALPUR,TRUE
768119,ODISHA,DEOGARH,TRUE
768121,ODISHA,DEOGARH,TRUE
768200,ODISHA,SAMBALPUR,TRUE
768201,ODISHA,JHARSUGUDA,TRUE
768202,ODISHA,JHARSUGUDA,TRUE
768203,ODISHA,JHARSUGUDA,TRUE
768204,ODISHA,JHARSUGUDA,TRUE
768210,ODISHA,SAMBALPUR,TRUE
768211,ODISHA,JHARSUGUDA,TRUE
768212,ODISHA,SAMBALPUR,TRUE
768213,ODISHA,JHARSUGUDA,TRUE
768214,ODISHA,SAMBALPUR,TRUE
768215,ODISHA,JHARSUGUDA,TRUE
768216,ODISHA,JHARSUGUDA,TRUE
768217,ODISHA,JHARSUGUDA,TRUE
768218,ODISHA,JHARSUGUDA,TRUE
768219,ODISHA,JHARSUGUDA,TRUE
768220,ODISHA,JHARSUGUDA,TRUE
768221,ODISHA,SAMBALPUR,TRUE
768222,ODISHA,SAMBALPUR,TRUE
768224,ODISHA,SAMBALPUR,TRUE
768225,ODISHA,JHARSUGUDA,TRUE
768226,ODISHA,JHARSUGUDA,TRUE
768227,ODISHA,SAMBALPUR,TRUE
768228,ODISHA,SAMBALPUR,TRUE
768233,ODISHA,JHARSUGUDA,TRUE
768234,ODISHA,JHARSUGUDA,TRUE
769001,ODISHA,SUNDARGARH,TRUE
769002,ODISHA,SUNDARGARH,TRUE
769003,ODISHA,SUNDARGARH,TRUE
769004,ODISHA,SUNDARGARH,TRUE
769005,ODISHA,SUNDARGARH,TRUE
769006,ODISHA,SUNDARGARH,TRUE
769007,ODISHA,SUNDARGARH,TRUE
769008,ODISHA,SUNDARGARH,TRUE
769009,ODISHA,SUNDARGARH,TRUE
769010,ODISHA,SUNDARGARH,TRUE
769011,ODISHA,SUNDARGARH,TRUE
769012,ODISHA,SUNDARGARH,TRUE
769013,ODISHA,SUNDARGARH,TRUE
769014,ODISHA,SUNDARGARH,TRUE
769015,ODISHA,SUNDARGARH,TRUE
769016,ODISHA,SUNDARGARH,TRUE
769017,ODISHA,SUNDARGARH,TRUE
769042,ODISHA,SUNDARGARH,TRUE
769043,ODISHA,SUNDARGARH,TRUE
770001,ODISHA,SUNDARGARH,TRUE
770002,ODISHA,SUNDARGARH,TRUE
770011,ODISHA,SUNDARGARH,TRUE
770012,ODISHA,SUNDARGARH,TRUE
770013,ODISHA,SUNDARGARH,TRUE
770014,ODISHA,SUNDARGARH,TRUE
770015,ODISHA,SUNDARGARH,TRUE
770016,ODISHA,SUNDARGARH,TRUE
770017,ODISHA,SUNDARGARH,TRUE
770018,ODISHA,SUNDARGARH,TRUE
770019,ODISHA,SUNDARGARH,TRUE
770020,ODISHA,SUNDARGARH,TRUE
770021,ODISHA,SUNDARGARH,TRUE
770022,ODISHA,SUNDARGARH,TRUE
770023,ODISHA,SUNDARGARH,TRUE
770024,ODISHA,SUNDARGARH,TRUE
770025,ODISHA,SUNDARGARH,TRUE
770031,ODISHA,SUNDARGARH,TRUE
770032,ODISHA,SUNDARGARH,TRUE
770033,ODISHA,SUNDARGARH,TRUE
770034,ODISHA,SUNDARGARH,TRUE
770035,ODISHA,SUNDARGARH,TRUE
770036,ODISHA,SUNDARGARH,TRUE
770037,ODISHA,SUNDARGARH,TRUE
770038,ODISHA,SUNDARGARH,TRUE
770039,ODISHA,SUNDARGARH,TRUE
770040,ODISHA,SUNDARGARH,TRUE
770041,ODISHA,SUNDARGARH,TRUE
770042,ODISHA,SUNDARGARH,TRUE
770043,ODISHA,SUNDARGARH,TRUE
770044,ODISHA,SUNDARGARH,TRUE
770046,ODISHA,SUNDARGARH,TRUE
770048,ODISHA,SUNDARGARH,TRUE
770051,ODISHA,SUNDARGARH,TRUE
770052,ODISHA,SUNDARGARH,TRUE
770070,ODISHA,SUNDARGARH,TRUE
770072,ODISHA,SUNDARGARH,TRUE
770073,ODISHA,SUNDARGARH,TRUE
770074,ODISHA,SUNDARGARH,TRUE
770075,ODISHA,SUNDARGARH,TRUE
770076,ODISHA,SUNDARGARH,TRUE
605001,PUDUCHERRY,PONDICHERRY,TRUE
605002,PUDUCHERRY,PONDICHERRY,TRUE
605003,PUDUCHERRY,PONDICHERRY,TRUE
605004,PUDUCHERRY,PONDICHERRY,TRUE
605005,PUDUCHERRY,PONDICHERRY,TRUE
605006,PUDUCHERRY,PONDICHERRY,TRUE
605008,PUDUCHERRY,PONDICHERRY,TRUE
605009,PUDUCHERRY,PONDICHERRY,TRUE
605010,PUDUCHERRY,PONDICHERRY,TRUE
605011,PUDUCHERRY,PONDICHERRY,TRUE
605013,PUDUCHERRY,PONDICHERRY,TRUE
605102,PUDUCHERRY,PONDICHERRY,TRUE
605107,PUDUCHERRY,PONDICHERRY,TRUE
605110,PUDUCHERRY,PONDICHERRY,TRUE
605502,PUDUCHERRY,PONDICHERRY,TRUE
607402,PUDUCHERRY,PONDICHERRY,TRUE
607403,PUDUCHERRY,PONDICHERRY,TRUE
609601,PUDUCHERRY,KARAIKAL,TRUE
609602,PUDUCHERRY,KARAIKAL,TRUE
609603,PUDUCHERRY,KARAIKAL,TRUE
609605,PUDUCHERRY,KARAIKAL,TRUE
609606,PUDUCHERRY,KARAIKAL,TRUE
609607,PUDUCHERRY,KARAIKAL,TRUE
609609,PUDUCHERRY,KARAIKAL,TRUE
673310,PUDUCHERRY,MAHE,TRUE
140001,PUNJAB,RUPNAGAR,TRUE
140101,PUNJAB,RUPNAGAR,TRUE
140102,PUNJAB,RUPNAGAR,TRUE
140103,PUNJAB,S.A.S Nagar,TRUE
140108,PUNJAB,RUPNAGAR,TRUE
140109,PUNJAB,S.A.S Nagar,TRUE
140110,PUNJAB,S.A.S Nagar,TRUE
140111,PUNJAB,RUPNAGAR,TRUE
140112,PUNJAB,RUPNAGAR,TRUE
144515,PUNJAB,Shahid Bhagat Singh Nagar,TRUE
144516,PUNJAB,Shahid Bhagat Singh Nagar,TRUE
144517,PUNJAB,Shahid Bhagat Singh Nagar,TRUE
144518,PUNJAB,Shahid Bhagat Singh Nagar,TRUE
144519,PUNJAB,HOSHIARPUR,TRUE
144520,PUNJAB,HOSHIARPUR,TRUE
144521,PUNJAB,Shahid Bhagat Singh Nagar,TRUE
144522,PUNJAB,Shahid Bhagat Singh Nagar,TRUE
144523,PUNJAB,HOSHIARPUR,TRUE
144524,PUNJAB,Shahid Bhagat Singh Nagar,TRUE
144525,PUNJAB,Shahid Bhagat Singh Nagar,TRUE
144526,PUNJAB,Shahid Bhagat Singh Nagar,TRUE
144527,PUNJAB,HOSHIARPUR,TRUE
144528,PUNJAB,HOSHIARPUR,TRUE
144529,PUNJAB,HOSHIARPUR,TRUE
144530,PUNJAB,HOSHIARPUR,TRUE
144531,PUNJAB,HOSHIARPUR,TRUE
144532,PUNJAB,HOSHIARPUR,TRUE
144533,PUNJAB,Shahid Bhagat Singh Nagar,TRUE
144601,PUNJAB,KAPURTHALA,TRUE
144602,PUNJAB,KAPURTHALA,TRUE
144603,PUNJAB,KAPURTHALA,TRUE
144606,PUNJAB,KAPURTHALA,TRUE
144620,PUNJAB,KAPURTHALA,TRUE
144621,PUNJAB,KAPURTHALA,TRUE
144622,PUNJAB,KAPURTHALA,TRUE
144623,PUNJAB,JALANDHAR,TRUE
144624,PUNJAB,KAPURTHALA,TRUE
144625,PUNJAB,KAPURTHALA,TRUE
144626,PUNJAB,KAPURTHALA,TRUE
144628,PUNJAB,KAPURTHALA,TRUE
144629,PUNJAB,JALANDHAR,TRUE
144630,PUNJAB,JALANDHAR,TRUE
144631,PUNJAB,KAPURTHALA,TRUE
144632,PUNJAB,Shahid Bhagat Singh Nagar,TRUE
144633,PUNJAB,JALANDHAR,TRUE
144701,PUNJAB,JALANDHAR,TRUE
144702,PUNJAB,JALANDHAR,TRUE
144703,PUNJAB,JALANDHAR,TRUE
144801,PUNJAB,JALANDHAR,TRUE
144802,PUNJAB,KAPURTHALA,TRUE
144803,PUNJAB,JALANDHAR,TRUE
144804,PUNJAB,KAPURTHALA,TRUE
144805,PUNJAB,JALANDHAR,TRUE
144806,PUNJAB,JALANDHAR,TRUE
144819,PUNJAB,KAPURTHALA,TRUE
145001,PUNJAB,PATHANKOT,TRUE
145002,PUNJAB,GURDASPUR,TRUE
145022,PUNJAB,PATHANKOT,TRUE
145023,PUNJAB,PATHANKOT,TRUE
145024,PUNJAB,PATHANKOT,TRUE
145025,PUNJAB,PATHANKOT,TRUE
145026,PUNJAB,PATHANKOT,TRUE
145027,PUNJAB,PATHANKOT,TRUE
145029,PUNJAB,PATHANKOT,TRUE
145101,PUNJAB,PATHANKOT,TRUE
146001,PUNJAB,HOSHIARPUR,TRUE
146021,PUNJAB,HOSHIARPUR,TRUE
146022,PUNJAB,HOSHIARPUR,TRUE
146023,PUNJAB,HOSHIARPUR,TRUE
146024,PUNJAB,HOSHIARPUR,TRUE
146101,PUNJAB,HOSHIARPUR,TRUE
146102,PUNJAB,HOSHIARPUR,TRUE
146103,PUNJAB,HOSHIARPUR,TRUE
146104,PUNJAB,HOSHIARPUR,TRUE
146105,PUNJAB,HOSHIARPUR,TRUE
146106,PUNJAB,HOSHIARPUR,TRUE
146107,PUNJAB,HOSHIARPUR,TRUE
146108,PUNJAB,HOSHIARPUR,TRUE
146109,PUNJAB,HOSHIARPUR,TRUE
146110,PUNJAB,HOSHIARPUR,TRUE
146111,PUNJAB,HOSHIARPUR,TRUE
146112,PUNJAB,HOSHIARPUR,TRUE
146113,PUNJAB,HOSHIARPUR,TRUE
146114,PUNJAB,HOSHIARPUR,TRUE
146115,PUNJAB,HOSHIARPUR,TRUE
146116,PUNJAB,HOSHIARPUR,TRUE
147001,PUNJAB,PATIALA,TRUE
147002,PUNJAB,PATIALA,TRUE
147003,PUNJAB,PATIALA,TRUE
147004,PUNJAB,PATIALA,TRUE
147005,PUNJAB,PATIALA,TRUE
147006,PUNJAB,PATIALA,TRUE
147007,PUNJAB,PATIALA,TRUE
147008,PUNJAB,PATIALA,TRUE
147021,PUNJAB,PATIALA,TRUE
147101,PUNJAB,PATIALA,TRUE
147102,PUNJAB,PATIALA,TRUE
147103,PUNJAB,PATIALA,TRUE
147104,PUNJAB,FATEHGARH SAHIB,TRUE
147105,PUNJAB,PATIALA,TRUE
147111,PUNJAB,PATIALA,TRUE
147201,PUNJAB,PATIALA,TRUE
147202,PUNJAB,PATIALA,TRUE
147203,PUNJAB,FATEHGARH SAHIB,TRUE
147301,PUNJAB,FATEHGARH SAHIB,TRUE
148001,PUNJAB,SANGRUR,TRUE
148002,PUNJAB,SANGRUR,TRUE
148017,PUNJAB,SANGRUR,TRUE
148018,PUNJAB,MALERKOTLA,TRUE
148019,PUNJAB,MALERKOTLA,TRUE
148020,PUNJAB,MALERKOTLA,TRUE
148021,PUNJAB,MALERKOTLA,TRUE
148022,PUNJAB,MALERKOTLA,TRUE
148023,PUNJAB,MALERKOTLA,TRUE
148024,PUNJAB,BARNALA,TRUE
148025,PUNJAB,BARNALA,TRUE
148026,PUNJAB,SANGRUR,TRUE
148027,PUNJAB,SANGRUR,TRUE
148028,PUNJAB,SANGRUR,TRUE
148029,PUNJAB,SANGRUR,TRUE
148030,PUNJAB,SANGRUR,TRUE
148031,PUNJAB,SANGRUR,TRUE
148033,PUNJAB,SANGRUR,TRUE
148034,PUNJAB,SANGRUR,TRUE
148035,PUNJAB,SANGRUR,TRUE
148100,PUNJAB,BARNALA,TRUE
148101,PUNJAB,BARNALA,TRUE
148102,PUNJAB,BARNALA,TRUE
148103,PUNJAB,BARNALA,TRUE
148104,PUNJAB,BARNALA,TRUE
148105,PUNJAB,BARNALA,TRUE
148106,PUNJAB,SANGRUR,TRUE
148107,PUNJAB,BARNALA,TRUE
148108,PUNJAB,BARNALA,TRUE
148109,PUNJAB,BARNALA,TRUE
151001,PUNJAB,BATHINDA,TRUE
151002,PUNJAB,BATHINDA,TRUE
151003,PUNJAB,BATHINDA,TRUE
151004,PUNJAB,BATHINDA,TRUE
151005,PUNJAB,BATHINDA,TRUE
151006,PUNJAB,BATHINDA,TRUE
151007,PUNJAB,BATHINDA,TRUE
151101,PUNJAB,BATHINDA,TRUE
151102,PUNJAB,BATHINDA,TRUE
151103,PUNJAB,BATHINDA,TRUE
151104,PUNJAB,BATHINDA,TRUE
151105,PUNJAB,BATHINDA,TRUE
151106,PUNJAB,BATHINDA,TRUE
151108,PUNJAB,BATHINDA,TRUE
151111,PUNJAB,BATHINDA,TRUE
151201,PUNJAB,BATHINDA,TRUE
151202,PUNJAB,FARIDKOT,TRUE
151203,PUNJAB,FARIDKOT,TRUE
151204,PUNJAB,FARIDKOT,TRUE
151205,PUNJAB,FARIDKOT,TRUE
151206,PUNJAB,BATHINDA,TRUE
151207,PUNJAB,MOGA,TRUE
151208,PUNJAB,FARIDKOT,TRUE
151209,PUNJAB,FARIDKOT,TRUE
151210,PUNJAB,SRI MUKTSAR SAHIB,TRUE
151211,PUNJAB,SRI MUKTSAR SAHIB,TRUE
151212,PUNJAB,FARIDKOT,TRUE
151213,PUNJAB,FARIDKOT,TRUE
151214,PUNJAB,FARIDKOT,TRUE
151301,PUNJAB,BATHINDA,TRUE
151302,PUNJAB,MANSA,TRUE
151401,PUNJAB,BATHINDA,TRUE
151501,PUNJAB,MANSA,TRUE
151502,PUNJAB,MANSA,TRUE
151503,PUNJAB,MANSA,TRUE
151504,PUNJAB,MANSA,TRUE
151505,PUNJAB,MANSA,TRUE
151506,PUNJAB,MANSA,TRUE
151507,PUNJAB,MANSA,TRUE
151508,PUNJAB,MANSA,TRUE
151509,PUNJAB,BATHINDA,TRUE
151510,PUNJAB,MANSA,TRUE
151511,PUNJAB,BATHINDA,TRUE
152001,PUNJAB,FIROZEPUR,TRUE
152002,PUNJAB,FIROZEPUR,TRUE
152003,PUNJAB,FIROZEPUR,TRUE
152004,PUNJAB,FIROZEPUR,TRUE
152005,PUNJAB,FIROZEPUR,TRUE
152020,PUNJAB,FAZILKA,TRUE
152021,PUNJAB,FIROZEPUR,TRUE
152022,PUNJAB,FIROZEPUR,TRUE
152023,PUNJAB,FIROZEPUR,TRUE
152024,PUNJAB,FAZILKA,TRUE
152025,PUNJAB,SRI MUKTSAR SAHIB,TRUE
152026,PUNJAB,SRI MUKTSAR SAHIB,TRUE
152028,PUNJAB,FIROZEPUR,TRUE
152031,PUNJAB,SRI MUKTSAR SAHIB,TRUE
152032,PUNJAB,SRI MUKTSAR SAHIB,TRUE
152033,PUNJAB,FAZILKA,TRUE
152101,PUNJAB,SRI MUKTSAR SAHIB,TRUE
152107,PUNJAB,SRI MUKTSAR SAHIB,TRUE
152112,PUNJAB,SRI MUKTSAR SAHIB,TRUE
152113,PUNJAB,SRI MUKTSAR SAHIB,TRUE
152114,PUNJAB,SRI MUKTSAR SAHIB,TRUE
152115,PUNJAB,SRI MUKTSAR SAHIB,TRUE
152116,PUNJAB,FAZILKA,TRUE
152117,PUNJAB,FAZILKA,TRUE
152118,PUNJAB,FAZILKA,TRUE
152121,PUNJAB,FAZILKA,TRUE
152122,PUNJAB,FAZILKA,TRUE
152123,PUNJAB,FAZILKA,TRUE
152124,PUNJAB,FAZILKA,TRUE
152128,PUNJAB,FAZILKA,TRUE
152132,PUNJAB,FAZILKA,TRUE
160055,PUNJAB,S.A.S Nagar,TRUE
160059,PUNJAB,S.A.S Nagar,TRUE
160062,PUNJAB,S.A.S Nagar,TRUE
160071,PUNJAB,S.A.S Nagar,TRUE
160103,PUNJAB,S.A.S Nagar,TRUE
160104,PUNJAB,S.A.S Nagar,TRUE
301001,RAJASTHAN,ALWAR,TRUE
301018,RAJASTHAN,ALWAR,TRUE
301019,RAJASTHAN,ALWAR,TRUE
301020,RAJASTHAN,ALWAR,TRUE
301021,RAJASTHAN,ALWAR,TRUE
301022,RAJASTHAN,ALWAR,TRUE
301023,RAJASTHAN,ALWAR,TRUE
301024,RAJASTHAN,ALWAR,TRUE
301025,RAJASTHAN,ALWAR,TRUE
301026,RAJASTHAN,ALWAR,TRUE
301027,RAJASTHAN,ALWAR,TRUE
301028,RAJASTHAN,ALWAR,TRUE
301030,RAJASTHAN,ALWAR,TRUE
301035,RAJASTHAN,ALWAR,TRUE
301401,RAJASTHAN,ALWAR,TRUE
301402,RAJASTHAN,ALWAR,TRUE
301403,RAJASTHAN,ALWAR,TRUE
301404,RAJASTHAN,ALWAR,TRUE
301405,RAJASTHAN,ALWAR,TRUE
301406,RAJASTHAN,ALWAR,TRUE
301407,RAJASTHAN,ALWAR,TRUE
301408,RAJASTHAN,ALWAR,TRUE
301409,RAJASTHAN,ALWAR,TRUE
301410,RAJASTHAN,ALWAR,TRUE
301411,RAJASTHAN,ALWAR,TRUE
301412,RAJASTHAN,ALWAR,TRUE
301413,RAJASTHAN,ALWAR,TRUE
301414,RAJASTHAN,ALWAR,TRUE
301415,RAJASTHAN,ALWAR,TRUE
301416,RAJASTHAN,ALWAR,TRUE
301427,RAJASTHAN,ALWAR,TRUE
301604,RAJASTHAN,ALWAR,TRUE
341510,RAJASTHAN,NAGAUR,TRUE
341511,RAJASTHAN,NAGAUR,TRUE
341512,RAJASTHAN,NAGAUR,TRUE
341513,RAJASTHAN,NAGAUR,TRUE
341514,RAJASTHAN,NAGAUR,TRUE
341515,RAJASTHAN,NAGAUR,TRUE
341516,RAJASTHAN,NAGAUR,TRUE
341517,RAJASTHAN,NAGAUR,TRUE
341518,RAJASTHAN,NAGAUR,TRUE
341519,RAJASTHAN,NAGAUR,TRUE
341520,RAJASTHAN,NAGAUR,TRUE
341533,RAJASTHAN,NAGAUR,TRUE
341551,RAJASTHAN,NAGAUR,TRUE
342001,RAJASTHAN,JODHPUR,TRUE
342002,RAJASTHAN,JODHPUR,TRUE
342003,RAJASTHAN,JODHPUR,TRUE
342005,RAJASTHAN,JODHPUR,TRUE
342006,RAJASTHAN,JODHPUR,TRUE
342007,RAJASTHAN,JODHPUR,TRUE
342008,RAJASTHAN,JODHPUR,TRUE
342011,RAJASTHAN,JODHPUR,TRUE
342012,RAJASTHAN,JODHPUR,TRUE
342013,RAJASTHAN,JODHPUR,TRUE
342014,RAJASTHAN,JODHPUR,TRUE
342015,RAJASTHAN,JODHPUR,TRUE
342016,RAJASTHAN,JODHPUR,TRUE
342017,RAJASTHAN,JODHPUR,TRUE
342021,RAJASTHAN,JODHPUR,TRUE
342022,RAJASTHAN,JODHPUR,TRUE
342023,RAJASTHAN,JODHPUR,TRUE
342024,RAJASTHAN,JODHPUR,TRUE
342025,RAJASTHAN,JODHPUR,TRUE
342026,RAJASTHAN,JODHPUR,TRUE
342027,RAJASTHAN,JODHPUR,TRUE
342028,RAJASTHAN,JODHPUR,TRUE
342029,RAJASTHAN,JODHPUR,TRUE
342030,RAJASTHAN,JODHPUR,TRUE
342032,RAJASTHAN,JODHPUR,TRUE
342037,RAJASTHAN,JODHPUR,TRUE
342301,RAJASTHAN,JODHPUR,TRUE
342302,RAJASTHAN,JODHPUR,TRUE
342303,RAJASTHAN,JODHPUR,TRUE
342304,RAJASTHAN,JODHPUR,TRUE
342305,RAJASTHAN,JODHPUR,TRUE
342306,RAJASTHAN,JODHPUR,TRUE
342307,RAJASTHAN,JODHPUR,TRUE
342308,RAJASTHAN,JODHPUR,TRUE
342309,RAJASTHAN,JODHPUR,TRUE
342310,RAJASTHAN,JAISALMER,TRUE
342311,RAJASTHAN,JODHPUR,TRUE
342312,RAJASTHAN,JODHPUR,TRUE
342314,RAJASTHAN,JODHPUR,TRUE
342601,RAJASTHAN,JODHPUR,TRUE
342602,RAJASTHAN,JODHPUR,TRUE
342603,RAJASTHAN,JODHPUR,TRUE
342604,RAJASTHAN,JODHPUR,TRUE
342605,RAJASTHAN,JODHPUR,TRUE
342606,RAJASTHAN,JODHPUR,TRUE
342801,RAJASTHAN,JODHPUR,TRUE
342802,RAJASTHAN,JODHPUR,TRUE
342901,RAJASTHAN,JODHPUR,TRUE
342902,RAJASTHAN,NAGAUR,TRUE
343001,RAJASTHAN,JALORE,TRUE
343002,RAJASTHAN,JALORE,TRUE
343021,RAJASTHAN,JALORE,TRUE
343022,RAJASTHAN,JALORE,TRUE
343023,RAJASTHAN,JALORE,TRUE
343024,RAJASTHAN,JALORE,TRUE
343025,RAJASTHAN,JALORE,TRUE
343027,RAJASTHAN,JALORE,TRUE
343028,RAJASTHAN,JALORE,TRUE
343029,RAJASTHAN,JALORE,TRUE
343030,RAJASTHAN,JALORE,TRUE
343032,RAJASTHAN,JALORE,TRUE
343039,RAJASTHAN,JALORE,TRUE
343040,RAJASTHAN,JALORE,TRUE
343041,RAJASTHAN,JALORE,TRUE
343042,RAJASTHAN,JALORE,TRUE
343048,RAJASTHAN,JALORE,TRUE
343049,RAJASTHAN,JALORE,TRUE
344001,RAJASTHAN,BARMER,TRUE
344011,RAJASTHAN,BARMER,TRUE
344012,RAJASTHAN,BARMER,TRUE
344021,RAJASTHAN,BARMER,TRUE
344022,RAJASTHAN,BARMER,TRUE
344024,RAJASTHAN,BARMER,TRUE
344025,RAJASTHAN,BARMER,TRUE
344026,RAJASTHAN,BARMER,TRUE
344027,RAJASTHAN,BARMER,TRUE
344031,RAJASTHAN,BARMER,TRUE
344032,RAJASTHAN,BARMER,TRUE
344033,RAJASTHAN,BARMER,TRUE
344034,RAJASTHAN,BARMER,TRUE
344035,RAJASTHAN,BARMER,TRUE
344037,RAJASTHAN,BARMER,TRUE
344043,RAJASTHAN,BARMER,TRUE
344044,RAJASTHAN,BARMER,TRUE
344501,RAJASTHAN,BARMER,TRUE
344502,RAJASTHAN,BARMER,TRUE
344701,RAJASTHAN,BARMER,TRUE
344702,RAJASTHAN,BARMER,TRUE
344703,RAJASTHAN,BARMER,TRUE
344704,RAJASTHAN,BARMER,TRUE
344705,RAJASTHAN,BARMER,TRUE
344706,RAJASTHAN,BARMER,TRUE
344708,RAJASTHAN,BARMER,TRUE
344801,RAJASTHAN,BARMER,TRUE
344802,RAJASTHAN,BARMER,TRUE
345001,RAJASTHAN,JAISALMER,TRUE
345021,RAJASTHAN,JAISALMER,TRUE
345022,RAJASTHAN,JAISALMER,TRUE
345023,RAJASTHAN,JAISALMER,TRUE
345024,RAJASTHAN,JAISALMER,TRUE
345025,RAJASTHAN,JAISALMER,TRUE
345026,RAJASTHAN,JAISALMER,TRUE
345027,RAJASTHAN,JAISALMER,TRUE
345028,RAJASTHAN,JAISALMER,TRUE
345031,RAJASTHAN,JAISALMER,TRUE
345033,RAJASTHAN,JAISALMER,TRUE
345034,RAJASTHAN,JAISALMER,TRUE
384316,RAJASTHAN,NAGAUR,TRUE
737101,SIKKIM,EAST DISTRICT,TRUE
737102,SIKKIM,EAST DISTRICT,TRUE
737103,SIKKIM,EAST DISTRICT,TRUE
737106,SIKKIM,Pakyong,TRUE
737107,SIKKIM,EAST DISTRICT,TRUE
737111,SIKKIM,WEST DISTRICT,TRUE
737113,SIKKIM,WEST DISTRICT,TRUE
737116,SIKKIM,NORTH DISTRICT,TRUE
737120,SIKKIM,NORTH DISTRICT,TRUE
737121,SIKKIM,WEST DISTRICT,TRUE
737126,SIKKIM,SOUTH DISTRICT,TRUE
737128,SIKKIM,SOUTH DISTRICT,TRUE
737131,SIKKIM,Pakyong,TRUE
737132,SIKKIM,Pakyong,TRUE
737133,SIKKIM,Pakyong,TRUE
737134,SIKKIM,SOUTH DISTRICT,TRUE
737135,SIKKIM,EAST DISTRICT,TRUE
737136,SIKKIM,EAST DISTRICT,TRUE
737139,SIKKIM,SOUTH DISTRICT,TRUE
600001,TAMIL NADU,CHENNAI,TRUE
600003,TAMIL NADU,CHENNAI,TRUE
600004,TAMIL NADU,CHENNAI,TRUE
600005,TAMIL NADU,CHENNAI,TRUE
600006,TAMIL NADU,CHENNAI,TRUE
600007,TAMIL NADU,CHENNAI,TRUE
600008,TAMIL NADU,CHENNAI,TRUE
600009,TAMIL NADU,CHENNAI,TRUE
600010,TAMIL NADU,CHENNAI,TRUE
600011,TAMIL NADU,CHENNAI,TRUE
600012,TAMIL NADU,CHENNAI,TRUE
600013,TAMIL NADU,CHENNAI,TRUE
600014,TAMIL NADU,CHENNAI,TRUE
600015,TAMIL NADU,CHENNAI,TRUE
600016,TAMIL NADU,CHENNAI,TRUE
600017,TAMIL NADU,CHENNAI,TRUE
600018,TAMIL NADU,CHENNAI,TRUE
600019,TAMIL NADU,THIRUVALLUR,TRUE
600020,TAMIL NADU,CHENNAI,TRUE
600021,TAMIL NADU,CHENNAI,TRUE
600022,TAMIL NADU,CHENNAI,TRUE
600023,TAMIL NADU,CHENNAI,TRUE
600024,TAMIL NADU,CHENNAI,TRUE
600025,TAMIL NADU,CHENNAI,TRUE
600026,TAMIL NADU,CHENNAI,TRUE
600028,TAMIL NADU,CHENNAI,TRUE
600030,TAMIL NADU,CHENNAI,TRUE
600031,TAMIL NADU,CHENNAI,TRUE
600032,TAMIL NADU,CHENNAI,TRUE
600033,TAMIL NADU,CHENNAI,TRUE
600034,TAMIL NADU,CHENNAI,TRUE
600035,TAMIL NADU,CHENNAI,TRUE
600036,TAMIL NADU,CHENNAI,TRUE
600037,TAMIL NADU,THIRUVALLUR,TRUE
600038,TAMIL NADU,CHENNAI,TRUE
600039,TAMIL NADU,CHENNAI,TRUE
600040,TAMIL NADU,CHENNAI,TRUE
600041,TAMIL NADU,CHENNAI,TRUE
600042,TAMIL NADU,CHENNAI,TRUE
600043,TAMIL NADU,CHENGALPATTU,TRUE
600044,TAMIL NADU,CHENGALPATTU,TRUE
600045,TAMIL NADU,CHENGALPATTU,TRUE
600046,TAMIL NADU,CHENGALPATTU,TRUE
600047,TAMIL NADU,CHENGALPATTU,TRUE
600048,TAMIL NADU,CHENGALPATTU,TRUE
600049,TAMIL NADU,THIRUVALLUR,TRUE
600050,TAMIL NADU,THIRUVALLUR,TRUE
600051,TAMIL NADU,CHENNAI,TRUE
600052,TAMIL NADU,THIRUVALLUR,TRUE
600053,TAMIL NADU,THIRUVALLUR,TRUE
600054,TAMIL NADU,THIRUVALLUR,TRUE
600055,TAMIL NADU,THIRUVALLUR,TRUE
600056,TAMIL NADU,THIRUVALLUR,TRUE
600057,TAMIL NADU,CHENNAI,TRUE
600058,TAMIL NADU,CHENNAI,TRUE
600059,TAMIL NADU,CHENGALPATTU,TRUE
600060,TAMIL NADU,CHENNAI,TRUE
600061,TAMIL NADU,CHENNAI,TRUE
600062,TAMIL NADU,THIRUVALLUR,TRUE
600063,TAMIL NADU,CHENGALPATTU,TRUE
600064,TAMIL NADU,CHENGALPATTU,TRUE
600066,TAMIL NADU,CHENNAI,TRUE
600067,TAMIL NADU,THIRUVALLUR,TRUE
600068,TAMIL NADU,CHENNAI,TRUE
600069,TAMIL NADU,KANCHIPURAM,TRUE
600070,TAMIL NADU,CHENGALPATTU,TRUE
600071,TAMIL NADU,THIRUVALLUR,TRUE
600072,TAMIL NADU,THIRUVALLUR,TRUE
600073,TAMIL NADU,CHENGALPATTU,TRUE
600074,TAMIL NADU,CHENGALPATTU,TRUE
600075,TAMIL NADU,CHENGALPATTU,TRUE
600076,TAMIL NADU,CHENNAI,TRUE
600077,TAMIL NADU,THIRUVALLUR,TRUE
600078,TAMIL NADU,CHENNAI,TRUE
600081,TAMIL NADU,CHENNAI,TRUE
600082,TAMIL NADU,CHENNAI,TRUE
600083,TAMIL NADU,CHENNAI,TRUE
600084,TAMIL NADU,CHENNAI,TRUE
600085,TAMIL NADU,CHENNAI,TRUE
600086,TAMIL NADU,CHENNAI,TRUE
600087,TAMIL NADU,CHENNAI,TRUE
600088,TAMIL NADU,CHENNAI,TRUE
600089,TAMIL NADU,CHENNAI,TRUE
600090,TAMIL NADU,CHENNAI,TRUE
600091,TAMIL NADU,CHENNAI,TRUE
600092,TAMIL NADU,CHENNAI,TRUE
600093,TAMIL NADU,CHENNAI,TRUE
600094,TAMIL NADU,CHENNAI,TRUE
600095,TAMIL NADU,CHENNAI,TRUE
600096,TAMIL NADU,CHENNAI,TRUE
600097,TAMIL NADU,CHENNAI,TRUE
600099,TAMIL NADU,CHENNAI,TRUE
600100,TAMIL NADU,CHENGALPATTU,TRUE
600101,TAMIL NADU,CHENNAI,TRUE
600102,TAMIL NADU,CHENNAI,TRUE
600103,TAMIL NADU,THIRUVALLUR,TRUE
600104,TAMIL NADU,CHENNAI,TRUE
600106,TAMIL NADU,CHENNAI,TRUE
600107,TAMIL NADU,CHENNAI,TRUE
600110,TAMIL NADU,THIRUVALLUR,TRUE
600113,TAMIL NADU,CHENNAI,TRUE
600115,TAMIL NADU,CHENNAI,TRUE
600116,TAMIL NADU,CHENNAI,TRUE
600117,TAMIL NADU,CHENGALPATTU,TRUE
600118,TAMIL NADU,CHENNAI,TRUE
600119,TAMIL NADU,CHENNAI,TRUE
600120,TAMIL NADU,THIRUVALLUR,TRUE
600122,TAMIL NADU,KANCHIPURAM,TRUE
600123,TAMIL NADU,THIRUVALLUR,TRUE
600124,TAMIL NADU,THIRUVALLUR,TRUE
600125,TAMIL NADU,CHENNAI,TRUE
600126,TAMIL NADU,CHENGALPATTU,TRUE
600127,TAMIL NADU,CHENGALPATTU,TRUE
600128,TAMIL NADU,KANCHIPURAM,TRUE
600129,TAMIL NADU,CHENGALPATTU,TRUE
600130,TAMIL NADU,CHENGALPATTU,TRUE
600131,TAMIL NADU,CHENGALPATTU,TRUE
600132,TAMIL NADU,KANCHIPURAM,TRUE
600133,TAMIL NADU,THIRUVALLUR,TRUE
601101,TAMIL NADU,THIRUVALLUR,TRUE
601102,TAMIL NADU,THIRUVALLUR,TRUE
601103,TAMIL NADU,THIRUVALLUR,TRUE
601201,TAMIL NADU,THIRUVALLUR,TRUE
601202,TAMIL NADU,THIRUVALLUR,TRUE
601203,TAMIL NADU,THIRUVALLUR,TRUE
601204,TAMIL NADU,THIRUVALLUR,TRUE
601205,TAMIL NADU,THIRUVALLUR,TRUE
601206,TAMIL NADU,THIRUVALLUR,TRUE
601301,TAMIL NADU,KANCHIPURAM,TRUE
602001,TAMIL NADU,THIRUVALLUR,TRUE
602002,TAMIL NADU,THIRUVALLUR,TRUE
602003,TAMIL NADU,THIRUVALLUR,TRUE
602021,TAMIL NADU,THIRUVALLUR,TRUE
602023,TAMIL NADU,THIRUVALLUR,TRUE
602024,TAMIL NADU,THIRUVALLUR,TRUE
602025,TAMIL NADU,THIRUVALLUR,TRUE
602026,TAMIL NADU,THIRUVALLUR,TRUE
602105,TAMIL NADU,KANCHIPURAM,TRUE
602106,TAMIL NADU,KANCHIPURAM,TRUE
602108,TAMIL NADU,KANCHIPURAM,TRUE
602117,TAMIL NADU,KANCHIPURAM,TRUE
602118,TAMIL NADU,KANCHIPURAM,TRUE
603001,TAMIL NADU,CHENGALPATTU,TRUE
603002,TAMIL NADU,CHENGALPATTU,TRUE
603003,TAMIL NADU,CHENGALPATTU,TRUE
603004,TAMIL NADU,CHENGALPATTU,TRUE
603101,TAMIL NADU,CHENGALPATTU,TRUE
603102,TAMIL NADU,CHENGALPATTU,TRUE
603103,TAMIL NADU,CHENGALPATTU,TRUE
603104,TAMIL NADU,CHENGALPATTU,TRUE
603105,TAMIL NADU,CHENGALPATTU,TRUE
603106,TAMIL NADU,KANCHIPURAM,TRUE
603107,TAMIL NADU,KANCHIPURAM,TRUE
603108,TAMIL NADU,CHENGALPATTU,TRUE
603109,TAMIL NADU,CHENGALPATTU,TRUE
603110,TAMIL NADU,CHENGALPATTU,TRUE
643202,TAMIL NADU,THE NILGIRIS,TRUE
643203,TAMIL NADU,THE NILGIRIS,TRUE
643204,TAMIL NADU,THE NILGIRIS,TRUE
643205,TAMIL NADU,THE NILGIRIS,TRUE
643206,TAMIL NADU,THE NILGIRIS,TRUE
643207,TAMIL NADU,THE NILGIRIS,TRUE
643209,TAMIL NADU,THE NILGIRIS,TRUE
643211,TAMIL NADU,THE NILGIRIS,TRUE
643212,TAMIL NADU,THE NILGIRIS,TRUE
643213,TAMIL NADU,THE NILGIRIS,TRUE
643214,TAMIL NADU,THE NILGIRIS,TRUE
643215,TAMIL NADU,THE NILGIRIS,TRUE
643216,TAMIL NADU,THE NILGIRIS,TRUE
643217,TAMIL NADU,THE NILGIRIS,TRUE
643218,TAMIL NADU,THE NILGIRIS,TRUE
643219,TAMIL NADU,THE NILGIRIS,TRUE
643220,TAMIL NADU,THE NILGIRIS,TRUE
643221,TAMIL NADU,THE NILGIRIS,TRUE
643223,TAMIL NADU,THE NILGIRIS,TRUE
643224,TAMIL NADU,THE NILGIRIS,TRUE
643225,TAMIL NADU,THE NILGIRIS,TRUE
643226,TAMIL NADU,THE NILGIRIS,TRUE
643231,TAMIL NADU,THE NILGIRIS,TRUE
643233,TAMIL NADU,THE NILGIRIS,TRUE
643236,TAMIL NADU,THE NILGIRIS,TRUE
643237,TAMIL NADU,THE NILGIRIS,TRUE
643238,TAMIL NADU,THE NILGIRIS,TRUE
643239,TAMIL NADU,THE NILGIRIS,TRUE
643240,TAMIL NADU,THE NILGIRIS,TRUE
643241,TAMIL NADU,THE NILGIRIS,TRUE
643242,TAMIL NADU,THE NILGIRIS,TRUE
643243,TAMIL NADU,THE NILGIRIS,TRUE
643253,TAMIL NADU,THE NILGIRIS,TRUE
643270,TAMIL NADU,THE NILGIRIS,TRUE
311601,TELANGANA,Mulugu,TRUE
332028,TELANGANA,Mulugu,TRUE
500001,TELANGANA,HYDERABAD,TRUE
500002,TELANGANA,HYDERABAD,TRUE
500003,TELANGANA,HYDERABAD,TRUE
500004,TELANGANA,HYDERABAD,TRUE
500005,TELANGANA,RANGA REDDY,TRUE
500006,TELANGANA,HYDERABAD,TRUE
500007,TELANGANA,HYDERABAD,TRUE
500008,TELANGANA,HYDERABAD,TRUE
500009,TELANGANA,HYDERABAD,TRUE
500010,TELANGANA,MEDCHAL MALKAJGIRI,TRUE
500011,TELANGANA,HYDERABAD,TRUE
500012,TELANGANA,HYDERABAD,TRUE
500013,TELANGANA,MEDCHAL MALKAJGIRI,TRUE
500014,TELANGANA,HYDERABAD,TRUE
500015,TELANGANA,HYDERABAD,TRUE
500016,TELANGANA,HYDERABAD,TRUE
500017,TELANGANA,HYDERABAD,TRUE
500018,TELANGANA,MEDCHAL MALKAJGIRI,TRUE
500019,TELANGANA,RANGA REDDY,TRUE
500020,TELANGANA,HYDERABAD,TRUE
500022,TELANGANA,HYDERABAD,TRUE
500023,TELANGANA,HYDERABAD,TRUE
500024,TELANGANA,HYDERABAD,TRUE
500026,TELANGANA,HYDERABAD,TRUE
500027,TELANGANA,HYDERABAD,TRUE
500028,TELANGANA,HYDERABAD,TRUE
500029,TELANGANA,HYDERABAD,TRUE
500030,TELANGANA,RANGA REDDY,TRUE
500031,TELANGANA,HYDERABAD,TRUE
500032,TELANGANA,RANGA REDDY,TRUE
500033,TELANGANA,HYDERABAD,TRUE
500034,TELANGANA,HYDERABAD,TRUE
500035,TELANGANA,RANGA REDDY,TRUE
500036,TELANGANA,HYDERABAD,TRUE
500037,TELANGANA,MEDCHAL MALKAJGIRI,TRUE
500038,TELANGANA,HYDERABAD,TRUE
500039,TELANGANA,MEDCHAL MALKAJGIRI,TRUE
500040,TELANGANA,HYDERABAD,TRUE
500041,TELANGANA,HYDERABAD,TRUE
500042,TELANGANA,MEDCHAL MALKAJGIRI,TRUE
500043,TELANGANA,MEDCHAL MALKAJGIRI,TRUE
500044,TELANGANA,HYDERABAD,TRUE
500045,TELANGANA,HYDERABAD,TRUE
500046,TELANGANA,RANGA REDDY,TRUE
509327,TELANGANA,RANGA REDDY,TRUE
509328,TELANGANA,RANGA REDDY,TRUE
509334,TELANGANA,MAHABUBNAGAR,TRUE
509335,TELANGANA,VIKARABAD,TRUE
509336,TELANGANA,VIKARABAD,TRUE
509337,TELANGANA,MAHABUBNAGAR,TRUE
509338,TELANGANA,VIKARABAD,TRUE
509339,TELANGANA,Narayanpet,TRUE
509340,TELANGANA,MAHABUBNAGAR,TRUE
509349,TELANGANA,NAGARKURNOOL,TRUE
509350,TELANGANA,VIKARABAD,TRUE
509351,TELANGANA,Narayanpet,TRUE
509352,TELANGANA,Narayanpet,TRUE
509353,TELANGANA,Narayanpet,TRUE
509357,TELANGANA,NAGARKURNOOL,TRUE
509358,TELANGANA,RANGA REDDY,TRUE
509360,TELANGANA,RANGA REDDY,TRUE
509371,TELANGANA,MAHABUBNAGAR,TRUE
509375,TELANGANA,NAGARKURNOOL,TRUE
509376,TELANGANA,NAGARKURNOOL,TRUE
509380,TELANGANA,WANAPARTHY,TRUE
509381,TELANGANA,WANAPARTHY,TRUE
509382,TELANGANA,MAHABUBNAGAR,TRUE
509385,TELANGANA,NAGARKURNOOL,TRUE
509401,TELANGANA,NAGARKURNOOL,TRUE
509406,TELANGANA,NAGARKURNOOL,TRUE
509407,TELANGANA,Narayanpet,TRUE
509408,TELANGANA,RANGA REDDY,TRUE
509409,TELANGANA,Narayanpet,TRUE
509410,TELANGANA,RANGA REDDY,TRUE
509411,TELANGANA,Narayanpet,TRUE
509412,TELANGANA,NAGARKURNOOL,TRUE
362520,THE DADRA AND NAGAR HAVELI AND DAMAN AND DIU,DIU,TRUE
362540,THE DADRA AND NAGAR HAVELI AND DAMAN AND DIU,DIU,TRUE
362570,THE DADRA AND NAGAR HAVELI AND DAMAN AND DIU,DIU,TRUE
396210,THE DADRA AND NAGAR HAVELI AND DAMAN AND DIU,DAMAN,TRUE
396215,THE DADRA AND NAGAR HAVELI AND DAMAN AND DIU,DAMAN,TRUE
396220,THE DADRA AND NAGAR HAVELI AND DAMAN AND DIU,DAMAN,TRUE
396230,THE DADRA AND NAGAR HAVELI AND DAMAN AND DIU,DADRA AND NAGAR HAVELI,TRUE
396235,THE DADRA AND NAGAR HAVELI AND DAMAN AND DIU,DADRA AND NAGAR HAVELI,TRUE
799002,TRIPURA,West Tripura,TRUE
799003,TRIPURA,West Tripura,TRUE
799004,TRIPURA,West Tripura,TRUE
799005,TRIPURA,West Tripura,TRUE
799006,TRIPURA,West Tripura,TRUE
799007,TRIPURA,West Tripura,TRUE
799008,TRIPURA,West Tripura,TRUE
799009,TRIPURA,West Tripura,TRUE
799010,TRIPURA,West Tripura,TRUE
799011,TRIPURA,Sepahijala,TRUE
799012,TRIPURA,West Tripura,TRUE
799013,TRIPURA,Gomati,TRUE
799014,TRIPURA,West Tripura,TRUE
799015,TRIPURA,West Tripura,TRUE
799022,TRIPURA,West Tripura,TRUE
799035,TRIPURA,West Tripura,TRUE
799045,TRIPURA,West Tripura,TRUE
799046,TRIPURA,West Tripura,TRUE
799101,TRIPURA,Gomati,TRUE
799102,TRIPURA,Sepahijala,TRUE
799103,TRIPURA,Sepahijala,TRUE
799104,TRIPURA,Gomati,TRUE
799105,TRIPURA,Sepahijala,TRUE
799113,TRIPURA,Gomati,TRUE
799114,TRIPURA,Gomati,TRUE
799115,TRIPURA,Sepahijala,TRUE
799125,TRIPURA,South Tripura,TRUE
799130,TRIPURA,West Tripura,TRUE
799131,TRIPURA,Sepahijala,TRUE
799132,TRIPURA,Sepahijala,TRUE
799141,TRIPURA,South Tripura,TRUE
799142,TRIPURA,South Tripura,TRUE
799143,TRIPURA,South Tripura,TRUE
799144,TRIPURA,South Tripura,TRUE
799145,TRIPURA,South Tripura,TRUE
799150,TRIPURA,South Tripura,TRUE
799153,TRIPURA,South Tripura,TRUE
799155,TRIPURA,South Tripura,TRUE
799156,TRIPURA,South Tripura,TRUE
799157,TRIPURA,South Tripura,TRUE
799201,TRIPURA,Khowai,TRUE
799202,TRIPURA,Khowai,TRUE
799203,TRIPURA,Khowai,TRUE
799204,TRIPURA,Dhalai,TRUE
799205,TRIPURA,Khowai,TRUE
799207,TRIPURA,Khowai,TRUE
799210,TRIPURA,West Tripura,TRUE
799211,TRIPURA,West Tripura,TRUE
799212,TRIPURA,West Tripura,TRUE
799250,TRIPURA,North Tripura,TRUE
799251,TRIPURA,North Tripura,TRUE
799253,TRIPURA,North Tripura,TRUE
799270,TRIPURA,North Tripura,TRUE
799271,TRIPURA,North Tripura,TRUE
799273,TRIPURA,Dhalai,TRUE
799275,TRIPURA,Dhalai,TRUE
799277,TRIPURA,Unakoti,TRUE
799278,TRIPURA,Dhalai,TRUE
799279,TRIPURA,Unakoti,TRUE
799280,TRIPURA,Unakoti,TRUE
799281,TRIPURA,Unakoti,TRUE
799282,TRIPURA,Unakoti,TRUE
799284,TRIPURA,Dhalai,TRUE
799285,TRIPURA,Dhalai,TRUE
799286,TRIPURA,Dhalai,TRUE
799287,TRIPURA,Dhalai,TRUE
799288,TRIPURA,Unakoti,TRUE
799289,TRIPURA,Dhalai,TRUE
799290,TRIPURA,Unakoti,TRUE
110025,UTTAR PRADESH,BUDAUN,TRUE
201001,UTTAR PRADESH,GHAZIABAD,TRUE
201002,UTTAR PRADESH,GHAZIABAD,TRUE
201003,UTTAR PRADESH,GHAZIABAD,TRUE
201004,UTTAR PRADESH,GHAZIABAD,TRUE
273017,UTTAR PRADESH,GORAKHPUR,TRUE
273151,UTTAR PRADESH,MAHARAJGANJ,TRUE
273152,UTTAR PRADESH,GORAKHPUR,TRUE
273155,UTTAR PRADESH,GORAKHPUR,TRUE
273157,UTTAR PRADESH,MAHARAJGANJ,TRUE
273158,UTTAR PRADESH,GORAKHPUR,TRUE
273161,UTTAR PRADESH,MAHARAJGANJ,TRUE
273162,UTTAR PRADESH,MAHARAJGANJ,TRUE
273163,UTTAR PRADESH,MAHARAJGANJ,TRUE
273164,UTTAR PRADESH,MAHARAJGANJ,TRUE
273165,UTTAR PRADESH,GORAKHPUR,TRUE
273201,UTTAR PRADESH,GORAKHPUR,TRUE
273202,UTTAR PRADESH,GORAKHPUR,TRUE
273203,UTTAR PRADESH,GORAKHPUR,TRUE
273207,UTTAR PRADESH,MAHARAJGANJ,TRUE
273209,UTTAR PRADESH,GORAKHPUR,TRUE
273211,UTTAR PRADESH,GORAKHPUR,TRUE
273212,UTTAR PRADESH,GORAKHPUR,TRUE
273213,UTTAR PRADESH,GORAKHPUR,TRUE
273301,UTTAR PRADESH,MAHARAJGANJ,TRUE
273302,UTTAR PRADESH,MAHARAJGANJ,TRUE
273303,UTTAR PRADESH,MAHARAJGANJ,TRUE
273304,UTTAR PRADESH,MAHARAJGANJ,TRUE
273305,UTTAR PRADESH,MAHARAJGANJ,TRUE
273306,UTTAR PRADESH,GORAKHPUR,TRUE
273308,UTTAR PRADESH,MAHARAJGANJ,TRUE
273309,UTTAR PRADESH,MAHARAJGANJ,TRUE
273310,UTTAR PRADESH,MAHARAJGANJ,TRUE
273311,UTTAR PRADESH,MAHARAJGANJ,TRUE
273312,UTTAR PRADESH,MAHARAJGANJ,TRUE
273401,UTTAR PRADESH,GORAKHPUR,TRUE
273402,UTTAR PRADESH,GORAKHPUR,TRUE
273403,UTTAR PRADESH,GORAKHPUR,TRUE
273404,UTTAR PRADESH,GORAKHPUR,TRUE
273405,UTTAR PRADESH,GORAKHPUR,TRUE
273406,UTTAR PRADESH,GORAKHPUR,TRUE
273407,UTTAR PRADESH,GORAKHPUR,TRUE
273408,UTTAR PRADESH,GORAKHPUR,TRUE
273409,UTTAR PRADESH,GORAKHPUR,TRUE
273411,UTTAR PRADESH,GORAKHPUR,TRUE
273412,UTTAR PRADESH,GORAKHPUR,TRUE
273413,UTTAR PRADESH,GORAKHPUR,TRUE
274001,UTTAR PRADESH,DEORIA,TRUE
274149,UTTAR PRADESH,KUSHI NAGAR,TRUE
274182,UTTAR PRADESH,DEORIA,TRUE
274201,UTTAR PRADESH,DEORIA,TRUE
274202,UTTAR PRADESH,DEORIA,TRUE
274203,UTTAR PRADESH,KUSHI NAGAR,TRUE
274204,UTTAR PRADESH,DEORIA,TRUE
274205,UTTAR PRADESH,DEORIA,TRUE
274206,UTTAR PRADESH,DEORIA,TRUE
274207,UTTAR PRADESH,KUSHI NAGAR,TRUE
274208,UTTAR PRADESH,DEORIA,TRUE
274301,UTTAR PRADESH,KUSHI NAGAR,TRUE
274302,UTTAR PRADESH,KUSHI NAGAR,TRUE
274303,UTTAR PRADESH,KUSHI NAGAR,TRUE
274304,UTTAR PRADESH,KUSHI NAGAR,TRUE
274305,UTTAR PRADESH,KUSHI NAGAR,TRUE
274306,UTTAR PRADESH,KUSHI NAGAR,TRUE
274307,UTTAR PRADESH,KUSHI NAGAR,TRUE
274308,UTTAR PRADESH,KUSHI NAGAR,TRUE
274309,UTTAR PRADESH,KUSHI NAGAR,TRUE
274401,UTTAR PRADESH,KUSHI NAGAR,TRUE
274402,UTTAR PRADESH,KUSHI NAGAR,TRUE
274403,UTTAR PRADESH,KUSHI NAGAR,TRUE
274404,UTTAR PRADESH,DEORIA,TRUE
283201,UTTAR PRADESH,AGRA,TRUE
283202,UTTAR PRADESH,AGRA,TRUE
283203,UTTAR PRADESH,FIROZABAD,TRUE
283204,UTTAR PRADESH,FIROZABAD,TRUE
283205,UTTAR PRADESH,FIROZABAD,TRUE
283206,UTTAR PRADESH,FIROZABAD,TRUE
283207,UTTAR PRADESH,FIROZABAD,TRUE
284001,UTTAR PRADESH,JHANSI,TRUE
284002,UTTAR PRADESH,JHANSI,TRUE
284003,UTTAR PRADESH,JHANSI,TRUE
284120,UTTAR PRADESH,JHANSI,TRUE
284121,UTTAR PRADESH,JHANSI,TRUE
284122,UTTAR PRADESH,LALITPUR,TRUE
284123,UTTAR PRADESH,LALITPUR,TRUE
284124,UTTAR PRADESH,LALITPUR,TRUE
284125,UTTAR PRADESH,LALITPUR,TRUE
284126,UTTAR PRADESH,LALITPUR,TRUE
284127,UTTAR PRADESH,JHANSI,TRUE
284128,UTTAR PRADESH,JHANSI,TRUE
284135,UTTAR PRADESH,JHANSI,TRUE
284136,UTTAR PRADESH,LALITPUR,TRUE
284201,UTTAR PRADESH,JHANSI,TRUE
284202,UTTAR PRADESH,JHANSI,TRUE
284203,UTTAR PRADESH,JHANSI,TRUE
284204,UTTAR PRADESH,JHANSI,TRUE
284205,UTTAR PRADESH,JHANSI,TRUE
284206,UTTAR PRADESH,JHANSI,TRUE
284301,UTTAR PRADESH,JHANSI,TRUE
284302,UTTAR PRADESH,JHANSI,TRUE
284303,UTTAR PRADESH,JHANSI,TRUE
284304,UTTAR PRADESH,JHANSI,TRUE
284305,UTTAR PRADESH,JHANSI,TRUE
284306,UTTAR PRADESH,JHANSI,TRUE
284401,UTTAR PRADESH,JHANSI,TRUE
284402,UTTAR PRADESH,LALITPUR,TRUE
284403,UTTAR PRADESH,LALITPUR,TRUE
284404,UTTAR PRADESH,LALITPUR,TRUE
284405,UTTAR PRADESH,LALITPUR,TRUE
284406,UTTAR PRADESH,LALITPUR,TRUE
284419,UTTAR PRADESH,JHANSI,TRUE
284501,UTTAR PRADESH,LALITPUR,TRUE
285001,UTTAR PRADESH,JALAUN,TRUE
285121,UTTAR PRADESH,JALAUN,TRUE
285122,UTTAR PRADESH,JALAUN,TRUE
285123,UTTAR PRADESH,JALAUN,TRUE
285124,UTTAR PRADESH,JALAUN,TRUE
285125,UTTAR PRADESH,JALAUN,TRUE
285126,UTTAR PRADESH,JALAUN,TRUE
285127,UTTAR PRADESH,JALAUN,TRUE
285128,UTTAR PRADESH,JALAUN,TRUE
285129,UTTAR PRADESH,JALAUN,TRUE
285130,UTTAR PRADESH,JALAUN,TRUE
285201,UTTAR PRADESH,JALAUN,TRUE
285202,UTTAR PRADESH,JALAUN,TRUE
285203,UTTAR PRADESH,JALAUN,TRUE
285204,UTTAR PRADESH,JALAUN,TRUE
285205,UTTAR PRADESH,JALAUN,TRUE
285206,UTTAR PRADESH,JALAUN,TRUE
285223,UTTAR PRADESH,JALAUN,TRUE
900056,UTTAR PRADESH,KUSHI NAGAR,TRUE
244712,UTTARAKHAND,UDAM SINGH NAGAR,TRUE
244713,UTTARAKHAND,UDAM SINGH NAGAR,TRUE
244715,UTTARAKHAND,NAINITAL,TRUE
244716,UTTARAKHAND,NAINITAL,TRUE
244717,UTTARAKHAND,UDAM SINGH NAGAR,TRUE
244720,UTTARAKHAND,UDAM SINGH NAGAR,TRUE
246001,UTTARAKHAND,PAURI GARHWAL,TRUE
246113,UTTARAKHAND,PAURI GARHWAL,TRUE
246121,UTTARAKHAND,PAURI GARHWAL,TRUE
246123,UTTARAKHAND,PAURI GARHWAL,TRUE
246124,UTTARAKHAND,PAURI GARHWAL,TRUE
246125,UTTARAKHAND,PAURI GARHWAL,TRUE
246127,UTTARAKHAND,PAURI GARHWAL,TRUE
246128,UTTARAKHAND,PAURI GARHWAL,TRUE
246129,UTTARAKHAND,PAURI GARHWAL,TRUE
246130,UTTARAKHAND,PAURI GARHWAL,TRUE
246131,UTTARAKHAND,PAURI GARHWAL,TRUE
246141,UTTARAKHAND,RUDRA PRAYAG,TRUE
246142,UTTARAKHAND,PAURI GARHWAL,TRUE
246144,UTTARAKHAND,PAURI GARHWAL,TRUE
246146,UTTARAKHAND,PAURI GARHWAL,TRUE
246147,UTTARAKHAND,PAURI GARHWAL,TRUE
246148,UTTARAKHAND,PAURI GARHWAL,TRUE
246149,UTTARAKHAND,PAURI GARHWAL,TRUE
246150,UTTARAKHAND,PAURI GARHWAL,TRUE
246155,UTTARAKHAND,PAURI GARHWAL,TRUE
246159,UTTARAKHAND,PAURI GARHWAL,TRUE
246161,UTTARAKHAND,PAURI GARHWAL,TRUE
246162,UTTARAKHAND,PAURI GARHWAL,TRUE
246163,UTTARAKHAND,PAURI GARHWAL,TRUE
246164,UTTARAKHAND,PAURI GARHWAL,TRUE
246165,UTTARAKHAND,PAURI GARHWAL,TRUE
248146,UTTARAKHAND,DEHRADUN,TRUE
248158,UTTARAKHAND,DEHRADUN,TRUE
248159,UTTARAKHAND,DEHRADUN,TRUE
248165,UTTARAKHAND,DEHRADUN,TRUE
248171,UTTARAKHAND,DEHRADUN,TRUE
248179,UTTARAKHAND,DEHRADUN,TRUE
248195,UTTARAKHAND,DEHRADUN,TRUE
248196,UTTARAKHAND,DEHRADUN,TRUE
248197,UTTARAKHAND,DEHRADUN,TRUE
248198,UTTARAKHAND,DEHRADUN,TRUE
248199,UTTARAKHAND,DEHRADUN,TRUE
249001,UTTARAKHAND,TEHRI GARHWAL,TRUE
249121,UTTARAKHAND,TEHRI GARHWAL,TRUE
249122,UTTARAKHAND,TEHRI GARHWAL,TRUE
249123,UTTARAKHAND,TEHRI GARHWAL,TRUE
249124,UTTARAKHAND,TEHRI GARHWAL,TRUE
249125,UTTARAKHAND,TEHRI GARHWAL,TRUE
249126,UTTARAKHAND,TEHRI GARHWAL,TRUE
249127,UTTARAKHAND,TEHRI GARHWAL,TRUE
249128,UTTARAKHAND,UTTAR KASHI,TRUE
249130,UTTARAKHAND,TEHRI GARHWAL,TRUE
249131,UTTARAKHAND,TEHRI GARHWAL,TRUE
249132,UTTARAKHAND,TEHRI GARHWAL,TRUE
249135,UTTARAKHAND,UTTAR KASHI,TRUE
249136,UTTARAKHAND,UTTAR KASHI,TRUE
249137,UTTARAKHAND,TEHRI GARHWAL,TRUE
249141,UTTARAKHAND,UTTAR KASHI,TRUE
249145,UTTARAKHAND,TEHRI GARHWAL,TRUE
249146,UTTARAKHAND,TEHRI GARHWAL,TRUE
249151,UTTARAKHAND,UTTAR KASHI,TRUE
249152,UTTARAKHAND,UTTAR KASHI,TRUE
249155,UTTARAKHAND,TEHRI GARHWAL,TRUE
249161,UTTARAKHAND,TEHRI GARHWAL,TRUE
263645,UTTARAKHAND,ALMORA,TRUE
263646,UTTARAKHAND,ALMORA,TRUE
263651,UTTARAKHAND,ALMORA,TRUE
263652,UTTARAKHAND,ALMORA,TRUE
263653,UTTARAKHAND,ALMORA,TRUE
263655,UTTARAKHAND,ALMORA,TRUE
263656,UTTARAKHAND,ALMORA,TRUE
263658,UTTARAKHAND,ALMORA,TRUE
263659,UTTARAKHAND,ALMORA,TRUE
263660,UTTARAKHAND,ALMORA,TRUE
263661,UTTARAKHAND,ALMORA,TRUE
263663,UTTARAKHAND,ALMORA,TRUE
263664,UTTARAKHAND,ALMORA,TRUE
263665,UTTARAKHAND,ALMORA,TRUE
263667,UTTARAKHAND,ALMORA,TRUE
263676,UTTARAKHAND,ALMORA,TRUE
263678,UTTARAKHAND,ALMORA,TRUE
263679,UTTARAKHAND,BAGESHWAR,TRUE
263680,UTTARAKHAND,ALMORA,TRUE
700001,WEST BENGAL,KOLKATA,TRUE
700002,WEST BENGAL,KOLKATA,TRUE
700003,WEST BENGAL,KOLKATA,TRUE
700004,WEST BENGAL,KOLKATA,TRUE
700005,WEST BENGAL,KOLKATA,TRUE
700006,WEST BENGAL,KOLKATA,TRUE
700007,WEST BENGAL,KOLKATA,TRUE
743133,WEST BENGAL,24 PARAGANAS NORTH,TRUE
743134,WEST BENGAL,24 PARAGANAS NORTH,TRUE
743135,WEST BENGAL,24 PARAGANAS NORTH,TRUE
743136,WEST BENGAL,24 PARAGANAS NORTH,TRUE
743144,WEST BENGAL,24 PARAGANAS NORTH,TRUE
743145,WEST BENGAL,24 PARAGANAS NORTH,TRUE
743165,WEST BENGAL,24 PARAGANAS NORTH,TRUE
743166,WEST BENGAL,24 PARAGANAS NORTH,TRUE
743193,WEST BENGAL,24 PARAGANAS NORTH,TRUE
743194,WEST BENGAL,24 PARAGANAS NORTH,TRUE
743221,WEST BENGAL,24 PARAGANAS NORTH,TRUE
743222,WEST BENGAL,24 PARAGANAS NORTH,TRUE
743223,WEST BENGAL,24 PARAGANAS NORTH,TRUE
743232,WEST BENGAL,24 PARAGANAS NORTH,TRUE
743233,WEST BENGAL,24 PARAGANAS NORTH,TRUE
743234,WEST BENGAL,24 PARAGANAS NORTH,TRUE
743235,WEST BENGAL,24 PARAGANAS NORTH,TRUE
743245,WEST BENGAL,24 PARAGANAS NORTH,TRUE
743247,WEST BENGAL,24 PARAGANAS NORTH,TRUE
743248,WEST BENGAL,24 PARAGANAS NORTH,TRUE
743249,WEST BENGAL,24 PARAGANAS NORTH,TRUE
743251,WEST BENGAL,24 PARAGANAS NORTH,TRUE
743252,WEST BENGAL,24 PARAGANAS NORTH,TRUE
743262,WEST BENGAL,24 PARAGANAS NORTH,TRUE
743263,WEST BENGAL,24 PARAGANAS NORTH,TRUE
743268,WEST BENGAL,24 PARAGANAS NORTH,TRUE
743270,WEST BENGAL,24 PARAGANAS NORTH,TRUE
743271,WEST BENGAL,24 PARAGANAS NORTH,TRUE
743272,WEST BENGAL,24 PARAGANAS NORTH,TRUE
743273,WEST BENGAL,24 PARAGANAS NORTH,TRUE
743286,WEST BENGAL,24 PARAGANAS NORTH,TRUE
743287,WEST BENGAL,24 PARAGANAS NORTH,TRUE
743289,WEST BENGAL,24 PARAGANAS NORTH,TRUE
743290,WEST BENGAL,24 PARAGANAS NORTH,TRUE
743291,WEST BENGAL,24 PARAGANAS NORTH,TRUE
743292,WEST BENGAL,24 PARAGANAS NORTH,TRUE
743293,WEST BENGAL,24 PARAGANAS NORTH,TRUE
743294,WEST BENGAL,24 PARAGANAS NORTH,TRUE
743297,WEST BENGAL,24 PARAGANAS NORTH,TRUE
743312,WEST BENGAL,24 PARAGANAS SOUTH,TRUE
743318,WEST BENGAL,24 PARAGANAS SOUTH,TRUE
743329,WEST BENGAL,24 PARAGANAS SOUTH,TRUE
743330,WEST BENGAL,24 PARAGANAS SOUTH,TRUE
743331,WEST BENGAL,24 PARAGANAS SOUTH,TRUE
743332,WEST BENGAL,24 PARAGANAS SOUTH,TRUE
743336,WEST BENGAL,24 PARAGANAS SOUTH,TRUE
743337,WEST BENGAL,24 PARAGANAS SOUTH,TRUE
743338,WEST BENGAL,24 PARAGANAS SOUTH,TRUE
743345,WEST BENGAL,24 PARAGANAS SOUTH,TRUE
743347,WEST BENGAL,24 PARAGANAS SOUTH,TRUE
743348,WEST BENGAL,24 PARAGANAS SOUTH,TRUE
743349,WEST BENGAL,24 PARAGANAS SOUTH,TRUE
743351,WEST BENGAL,24 PARAGANAS SOUTH,TRUE
743354,WEST BENGAL,24 PARAGANAS SOUTH,TRUE
743355,WEST BENGAL,24 PARAGANAS SOUTH,TRUE
743356,WEST BENGAL,24 PARAGANAS SOUTH,TRUE
743357,WEST BENGAL,24 PARAGANAS SOUTH,TRUE
743363,WEST BENGAL,24 PARAGANAS SOUTH,TRUE
743368,WEST BENGAL,24 PARAGANAS SOUTH,TRUE
743370,WEST BENGAL,24 PARAGANAS SOUTH,TRUE
743371,WEST BENGAL,24 PARAGANAS SOUTH,TRUE
743372,WEST BENGAL,24 PARAGANAS SOUTH,TRUE
743373,WEST BENGAL,24 PARAGANAS SOUTH,TRUE
743374,WEST BENGAL,24 PARAGANAS SOUTH,TRUE
743375,WEST BENGAL,24 PARAGANAS SOUTH,TRUE
743376,WEST BENGAL,24 PARAGANAS SOUTH,TRUE
743377,WEST BENGAL,24 PARAGANAS SOUTH,TRUE
743378,WEST BENGAL,24 PARAGANAS SOUTH,TRUE
743383,WEST BENGAL,24 PARAGANAS SOUTH,TRUE
743387,WEST BENGAL,24 PARAGANAS SOUTH,TRUE
743395,WEST BENGAL,24 PARAGANAS SOUTH,TRUE
743399,WEST BENGAL,24 PARAGANAS SOUTH,TRUE
743401,WEST BENGAL,24 PARAGANAS NORTH,TRUE
743405,WEST BENGAL,24 PARAGANAS NORTH,TRUE
743411,WEST BENGAL,24 PARAGANAS NORTH,TRUE
743412,WEST BENGAL,24 PARAGANAS NORTH,TRUE
743422,WEST BENGAL,24 PARAGANAS NORTH,TRUE
743423,WEST BENGAL,24 PARAGANAS NORTH,TRUE
743424,WEST BENGAL,24 PARAGANAS NORTH,TRUE
743425,WEST BENGAL,24 PARAGANAS NORTH,TRUE
743426,WEST BENGAL,24 PARAGANAS NORTH,TRUE
743427,WEST BENGAL,24 PARAGANAS NORTH,TRUE
743428,WEST BENGAL,24 PARAGANAS NORTH,TRUE
743429,WEST BENGAL,24 PARAGANAS NORTH,TRUE
743435,WEST BENGAL,24 PARAGANAS NORTH,TRUE
743437,WEST BENGAL,24 PARAGANAS NORTH,TRUE
743438,WEST BENGAL,24 PARAGANAS NORTH,TRUE
743439,WEST BENGAL,24 PARAGANAS NORTH,TRUE
743442,WEST BENGAL,24 PARAGANAS NORTH,TRUE
743445,WEST BENGAL,24 PARAGANAS NORTH,TRUE
743446,WEST BENGAL,24 PARAGANAS NORTH,TRUE
743456,WEST BENGAL,24 PARAGANAS NORTH,TRUE
743502,WEST BENGAL,24 PARAGANAS SOUTH,TRUE
743503,WEST BENGAL,24 PARAGANAS SOUTH,TRUE
743504,WEST BENGAL,24 PARAGANAS SOUTH,TRUE
743513,WEST BENGAL,24 PARAGANAS SOUTH,TRUE
743609,WEST BENGAL,24 PARAGANAS SOUTH,TRUE
743610,WEST BENGAL,24 PARAGANAS SOUTH,TRUE
743611,WEST BENGAL,24 PARAGANAS SOUTH,TRUE
743613,WEST BENGAL,24 PARAGANAS SOUTH,TRUE
743701,WEST BENGAL,24 PARAGANAS NORTH,TRUE
743702,WEST BENGAL,24 PARAGANAS NORTH,TRUE
743704,WEST BENGAL,24 PARAGANAS NORTH,TRUE
743710,WEST BENGAL,24 PARAGANAS NORTH,TRUE
743711,WEST BENGAL,24 PARAGANAS NORTH,TRUE
900099,WEST BENGAL,KOLKATA,TRUE
